,num_vars,names,bounds,sample_scaled
0,1560,EX_5adtststerone_e,"[-10, 0]",True
1,1560,EX_5adtststerones_e,"[-10, 0]",True
2,1560,EX_5fthf_e,"[-10, 0]",True
3,1560,EX_5htrp_e,"[-10, 0]",True
4,1560,EX_5mthf_e,"[-10, 0]",True
5,1560,EX_5thf_e,"[-10, 0]",True
6,1560,EX_6dhf_e,"[-10, 0]",True
7,1560,EX_6htststerone_e,"[-10, 0]",True
8,1560,EX_10fthf5glu_e,"[-10, 0]",True
9,1560,EX_10fthf6glu_e,"[-10, 0]",True
10,1560,EX_10fthf7glu_e,"[-10, 0]",True
11,1560,EX_11_cis_retfa_e,"[-10, 0]",True
12,1560,EX_13_cis_retnglc_e,"[-10, 0]",True
13,1560,EX_24nph_e,"[-10, 0]",True
14,1560,EX_25hvitd3_e,"[-10, 0]",True
15,1560,EX_2hb_e,"[-10, 0]",True
16,1560,EX_2mcit_e,"[-10, 0]",True
17,1560,EX_34dhphe_e,"[-10, 0]",True
18,1560,EX_35cgmp_e,"[-10, 0]",True
19,1560,EX_4hphac_e,"[-10, 0]",True
20,1560,EX_4mptnl_e,"[-10, 0]",True
21,1560,EX_7dhf_e,"[-10, 0]",True
22,1560,EX_7thf_e,"[-10, 0]",True
23,1560,EX_9_cis_retfa_e,"[-10, 0]",True
24,1560,EX_acetone_e,"[-10, 0]",True
25,1560,EX_acgalfucgalacgalfuc12gal14acglcgalgluside_hs_e,"[-10, 0]",True
26,1560,EX_acnacngal14acglcgalgluside_hs_e,"[-10, 0]",True
27,1560,EX_adp_e,"[-10, 0]",True
28,1560,EX_ahandrostanglc_e,"[-10, 0]",True
29,1560,EX_ala_B_e,"[-10, 0]",True
30,1560,EX_ala__D_e,"[-10, 0]",True
31,1560,EX_aldstrn_e,"[-10, 0]",True
32,1560,EX_andrstrn_e,"[-10, 0]",True
33,1560,EX_andrstrnglc_e,"[-10, 0]",True
34,1560,EX_antipyrene_e,"[-10, 0]",True
35,1560,EX_appnn_e,"[-10, 0]",True
36,1560,EX_arach_e,"[-10, 0]",True
37,1560,EX_avite1_e,"[-10, 0]",True
38,1560,EX_avite2_e,"[-10, 0]",True
39,1560,EX_bhb_e,"[-10, 0]",True
40,1560,EX_bildglcur_e,"[-10, 0]",True
41,1560,EX_biocyt_e,"[-10, 0]",True
42,1560,EX_bvite_e,"[-10, 0]",True
43,1560,EX_caro_e,"[-10, 0]",True
44,1560,EX_carveol_e,"[-10, 0]",True
45,1560,EX_chol_e,"[-10, 0]",True
46,1560,EX_cholate_e,"[-10, 0]",True
47,1560,EX_chtn_e,"[-10, 0]",True
48,1560,EX_clpnd_e,"[-10, 0]",True
49,1560,EX_coumarin_e,"[-10, 0]",True
50,1560,EX_creat_e,"[-10, 0]",True
51,1560,EX_crmp_hs_e,"[-10, 0]",True
52,1560,EX_crn_e,"[-10, 0]",True
53,1560,EX_crtstrn_e,"[-10, 0]",True
54,1560,EX_crvnc_e,"[-10, 0]",True
55,1560,EX_cspg_c_e,"[-10, 0]",True
56,1560,EX_cspg_e_e,"[-10, 0]",True
57,1560,EX_cyan_e,"[-10, 0]",True
58,1560,EX_dag_hs_e,"[-10, 0]",True
59,1560,EX_dcsptn1_e,"[-10, 0]",True
60,1560,EX_dhdascb_e,"[-10, 0]",True
61,1560,EX_dheas_e,"[-10, 0]",True
62,1560,EX_dhf_e,"[-10, 0]",True
63,1560,EX_digalsgalside_hs_e,"[-10, 0]",True
64,1560,EX_dlnlcg_e,"[-10, 0]",True
65,1560,EX_dmantipyrine_e,"[-10, 0]",True
66,1560,EX_dmhptcrn_e,"[-10, 0]",True
67,1560,EX_dopa_e,"[-10, 0]",True
68,1560,EX_eaflatoxin_e,"[-10, 0]",True
69,1560,EX_ebastine_e,"[-10, 0]",True
70,1560,EX_eicostet_e,"[-10, 0]",True
71,1560,EX_estradiolglc_e,"[-10, 0]",True
72,1560,EX_fucacngalacglcgalgluside_hs_e,"[-10, 0]",True
73,1560,EX_fucfuc12gal14acglcgalgluside_hs_e,"[-10, 0]",True
74,1560,EX_fucfucfucgalacglc13galacglcgal14acglcgalgluside_hs_e,"[-10, 0]",True
75,1560,EX_fucfucgalacglcgalgluside_hs_e,"[-10, 0]",True
76,1560,EX_fucgal14acglcgalgluside_hs_e,"[-10, 0]",True
77,1560,EX_fucgalgbside_hs_e,"[-10, 0]",True
78,1560,EX_fuc__L_e,"[-10, 0]",True
79,1560,EX_galacglcgalgbside_hs_e,"[-10, 0]",True
80,1560,EX_galfucgalacglcgal14acglcgalgluside_hs_e,"[-10, 0]",True
81,1560,EX_gd1c_hs_e,"[-10, 0]",True
82,1560,EX_gdp_e,"[-10, 0]",True
83,1560,EX_gluala_e,"[-10, 0]",True
84,1560,EX_glyc__S_e,"[-10, 0]",True
85,1560,EX_gp1calpha_hs_e,"[-10, 0]",True
86,1560,EX_gq1balpha_hs_e,"[-10, 0]",True
87,1560,EX_gsn_e,"[-10, 0]",True
88,1560,EX_gt1a_hs_e,"[-10, 0]",True
89,1560,EX_gthox_e,"[-10, 0]",True
90,1560,EX_ha_e,"[-10, 0]",True
91,1560,EX_ha_pre1_e,"[-10, 0]",True
92,1560,EX_hcoumarin_e,"[-10, 0]",True
93,1560,EX_hdcea_e,"[-10, 0]",True
94,1560,EX_hexc_e,"[-10, 0]",True
95,1560,EX_hom__L_e,"[-10, 0]",True
96,1560,EX_hspg_e,"[-10, 0]",True
97,1560,EX_htaxol_e,"[-10, 0]",True
98,1560,EX_i_e,"[-10, 0]",True
99,1560,EX_imp_e,"[-10, 0]",True
100,1560,EX_ksi_e,"[-10, 0]",True
101,1560,EX_ksii_core4_e,"[-10, 0]",True
102,1560,EX_lac__D_e,"[-10, 0]",True
103,1560,EX_cysi__L_e,"[-10, 0]",True
104,1560,EX_leuktrB4_e,"[-10, 0]",True
105,1560,EX_leuktrC4_e,"[-10, 0]",True
106,1560,EX_leuktrD4_e,"[-10, 0]",True
107,1560,EX_leuktrE4_e,"[-10, 0]",True
108,1560,EX_limnen_e,"[-10, 0]",True
109,1560,EX_lipoate_e,"[-10, 0]",True
110,1560,EX_lnlc_e,"[-10, 0]",True
111,1560,EX_lnlnca_e,"[-10, 0]",True
112,1560,EX_lpchol_hs_e,"[-10, 0]",True
113,1560,EX_meoh_e,"[-10, 0]",True
114,1560,EX_mercplaccys_e,"[-10, 0]",True
115,1560,EX_mthgxl_e,"[-10, 0]",True
116,1560,EX_nad_e,"[-10, 0]",True
117,1560,EX_nadp_e,"[-10, 0]",True
118,1560,EX_nifedipine_e,"[-10, 0]",True
119,1560,EX_npthl_e,"[-10, 0]",True
120,1560,EX_nrpphr_e,"[-10, 0]",True
121,1560,EX_oagd3_hs_e,"[-10, 0]",True
122,1560,EX_oagt3_hs_e,"[-10, 0]",True
123,1560,EX_ocdca_e,"[-10, 0]",True
124,1560,EX_ocdcea_e,"[-10, 0]",True
125,1560,EX_octa_e,"[-10, 0]",True
126,1560,EX_onpthl_e,"[-10, 0]",True
127,1560,EX_oxa_e,"[-10, 0]",True
128,1560,EX_paf_hs_e,"[-10, 0]",True
129,1560,EX_pchol_hs_e,"[-10, 0]",True
130,1560,EX_perillyl_e,"[-10, 0]",True
131,1560,EX_pheacgln_e,"[-10, 0]",True
132,1560,EX_phllqne_e,"[-10, 0]",True
133,1560,EX_phyt_e,"[-10, 0]",True
134,1560,EX_prostgd2_e,"[-10, 0]",True
135,1560,EX_prostge2_e,"[-10, 0]",True
136,1560,EX_prostgf2_e,"[-10, 0]",True
137,1560,EX_ps_hs_e,"[-10, 0]",True
138,1560,EX_retfa_e,"[-10, 0]",True
139,1560,EX_retinol_e,"[-10, 0]",True
140,1560,EX_Rtotal2_e,"[-10, 0]",True
141,1560,EX_Rtotal3_e,"[-10, 0]",True
142,1560,EX_s2l2n2m2masn_e,"[-10, 0]",True
143,1560,EX_sarcs_e,"[-10, 0]",True
144,1560,EX_spc_hs_e,"[-10, 0]",True
145,1560,EX_sph1p_e,"[-10, 0]",True
146,1560,EX_strdnc_e,"[-10, 0]",True
147,1560,EX_tag_hs_e,"[-10, 0]",True
148,1560,EX_taxol_e,"[-10, 0]",True
149,1560,EX_tchola_e,"[-10, 0]",True
150,1560,EX_tcynt_e,"[-10, 0]",True
151,1560,EX_tdchola_e,"[-10, 0]",True
152,1560,EX_tetpent3_e,"[-10, 0]",True
153,1560,EX_tetpent6_e,"[-10, 0]",True
154,1560,EX_thmmp_e,"[-10, 0]",True
155,1560,EX_thym_e,"[-10, 0]",True
156,1560,EX_triodthy_e,"[-10, 0]",True
157,1560,EX_triodthysuf_e,"[-10, 0]",True
158,1560,EX_tststeroneglc_e,"[-10, 0]",True
159,1560,EX_tststerones_e,"[-10, 0]",True
160,1560,EX_ttdca_e,"[-10, 0]",True
161,1560,EX_tymsf_e,"[-10, 0]",True
162,1560,EX_Tyr_ggn_e,"[-10, 0]",True
163,1560,EX_udp_e,"[-10, 0]",True
164,1560,EX_vitd3_e,"[-10, 0]",True
165,1560,EX_whddca_e,"[-10, 0]",True
166,1560,EX_whhdca_e,"[-10, 0]",True
167,1560,EX_whttdca_e,"[-10, 0]",True
168,1560,EX_xoltri25_e,"[-10, 0]",True
169,1560,EX_xoltri27_e,"[-10, 0]",True
170,1560,EX_4abutn_e,"[-10, 0]",True
171,1560,EX_acmana_e,"[-10, 0]",True
172,1560,EX_ahdt_e,"[-10, 0]",True
173,1560,EX_dgmp_e,"[-10, 0]",True
174,1560,EX_dgtp_e,"[-10, 0]",True
175,1560,EX_dha_e,"[-10, 0]",True
176,1560,EX_dhap_e,"[-10, 0]",True
177,1560,EX_dttp_e,"[-10, 0]",True
178,1560,EX_isomal_e,"[-10, 0]",True
179,1560,EX_HC00250_e,"[-10, 0]",True
180,1560,EX_HC01361_e,"[-10, 0]",True
181,1560,EX_HC01440_e,"[-10, 0]",True
182,1560,EX_HC01446_e,"[-10, 0]",True
183,1560,EX_HC01577_e,"[-10, 0]",True
184,1560,EX_HC02160_e,"[-10, 0]",True
185,1560,EX_orot_e,"[-10, 0]",True
186,1560,EX_udpg_e,"[-10, 0]",True
187,1560,EX_so3_e,"[-10, 0]",True
188,1560,EX_CE2250_e,"[-10, 0]",True
189,1560,EX_CE1935_e,"[-10, 0]",True
190,1560,EX_CE1943_e,"[-10, 0]",True
191,1560,EX_CE1939_e,"[-10, 0]",True
192,1560,EX_CE2915_e,"[-10, 0]",True
193,1560,EX_CE4722_e,"[-10, 0]",True
194,1560,EX_CE4723_e,"[-10, 0]",True
195,1560,EX_prostgh2_e,"[-10, 0]",True
196,1560,EX_citr__L_e,"[-10, 0]",True
197,1560,EX_HC00822_e,"[-10, 0]",True
198,1560,EX_C02528_e,"[-10, 0]",True
199,1560,EX_HC02192_e,"[-10, 0]",True
200,1560,EX_HC02195_e,"[-10, 0]",True
201,1560,EX_HC02191_e,"[-10, 0]",True
202,1560,EX_HC02198_e,"[-10, 0]",True
203,1560,EX_HC02203_e,"[-10, 0]",True
204,1560,EX_HC02204_e,"[-10, 0]",True
205,1560,EX_HC02205_e,"[-10, 0]",True
206,1560,EX_HC02206_e,"[-10, 0]",True
207,1560,EX_HC02207_e,"[-10, 0]",True
208,1560,EX_HC02213_e,"[-10, 0]",True
209,1560,EX_HC02217_e,"[-10, 0]",True
210,1560,EX_arachcoa_e,"[-10, 0]",True
211,1560,EX_coa_e,"[-10, 0]",True
212,1560,EX_CE4724_e,"[-10, 0]",True
213,1560,EX_malthp_e,"[-10, 0]",True
214,1560,EX_CE2838_e,"[-10, 0]",True
215,1560,EX_cynt_e,"[-10, 0]",True
216,1560,EX_3ump_e,"[-10, 0]",True
217,1560,EX_CE5786_e,"[-10, 0]",True
218,1560,EX_CE5797_e,"[-10, 0]",True
219,1560,EX_CE5787_e,"[-10, 0]",True
220,1560,EX_CE5868_e,"[-10, 0]",True
221,1560,EX_CE4881_e,"[-10, 0]",True
222,1560,EX_CE5854_e,"[-10, 0]",True
223,1560,EX_cdpea_e,"[-10, 0]",True
224,1560,EX_CE5853_e,"[-10, 0]",True
225,1560,EX_CE1925_e,"[-10, 0]",True
226,1560,EX_3hdececrn_e,"[-10, 0]",True
227,1560,EX_3ivcrn_e,"[-10, 0]",True
228,1560,EX_3thexddcoacrn_e,"[-10, 0]",True
229,1560,EX_c101crn_e,"[-10, 0]",True
230,1560,EX_c10crn_e,"[-10, 0]",True
231,1560,EX_c10dc_e,"[-10, 0]",True
232,1560,EX_c12dc_e,"[-10, 0]",True
233,1560,EX_c3dc_e,"[-10, 0]",True
234,1560,EX_c4dc_e,"[-10, 0]",True
235,1560,EX_c5dc_e,"[-10, 0]",True
236,1560,EX_c6crn_e,"[-10, 0]",True
237,1560,EX_c8crn_e,"[-10, 0]",True
238,1560,EX_decdicrn_e,"[-10, 0]",True
239,1560,EX_docosac_e,"[-10, 0]",True
240,1560,EX_docosdiac_e,"[-10, 0]",True
241,1560,EX_dca_e,"[-10, 0]",True
242,1560,EX_dchac_e,"[-10, 0]",True
243,1560,EX_gltdechol_e,"[-10, 0]",True
244,1560,EX_glysar_e,"[-10, 0]",True
245,1560,EX_gumtchol_e,"[-10, 0]",True
246,1560,EX_leugly_e,"[-10, 0]",True
247,1560,EX_leuleu_e,"[-10, 0]",True
248,1560,EX_pect_e,"[-10, 0]",True
249,1560,EX_pectingchol_e,"[-10, 0]",True
250,1560,EX_pectintchol_e,"[-10, 0]",True
251,1560,EX_psyl_e,"[-10, 0]",True
252,1560,EX_psylchol_e,"[-10, 0]",True
253,1560,EX_psyltchol_e,"[-10, 0]",True
254,1560,EX_slfcys_e,"[-10, 0]",True
255,1560,EX_pan4p_e,"[-10, 0]",True
256,1560,EX_ptth_e,"[-10, 0]",True
257,1560,EX_q10h2_e,"[-10, 0]",True
258,1560,EX_4hpro_LT_e,"[-10, 0]",True
259,1560,EX_bglc_e,"[-10, 0]",True
260,1560,EX_carn_e,"[-10, 0]",True
261,1560,EX_glgchlo_e,"[-10, 0]",True
262,1560,EX_crtn_e,"[-10, 0]",True
263,1560,EX_cyst__L_e,"[-10, 0]",True
264,1560,EX_dcmp_e,"[-10, 0]",True
265,1560,EX_34hpp_e,"[-10, 0]",True
266,1560,EX_glyald_e,"[-10, 0]",True
267,1560,EX_3mob_e,"[-10, 0]",True
268,1560,EX_3mop_e,"[-10, 0]",True
269,1560,EX_ahcys_e,"[-10, 0]",True
270,1560,EX_aicar_e,"[-10, 0]",True
271,1560,EX_anth_e,"[-10, 0]",True
272,1560,EX_icit_e,"[-10, 0]",True
273,1560,EX_idour_e,"[-10, 0]",True
274,1560,EX_Lkynr_e,"[-10, 0]",True
275,1560,EX_quln_e,"[-10, 0]",True
276,1560,EX_xmp_e,"[-10, 0]",True
277,1560,EX_3pg_e,"[-10, 0]",True
278,1560,EX_3hanthrn_e,"[-10, 0]",True
279,1560,EX_glyc3p_e,"[-10, 0]",True
280,1560,EX_2pg_e,"[-10, 0]",True
281,1560,EX_acrn_e,"[-10, 0]",True
282,1560,EX_pcrn_e,"[-10, 0]",True
283,1560,EX_lneldccrn_e,"[-10, 0]",True
284,1560,EX_odecrn_e,"[-10, 0]",True
285,1560,EX_pmtcrn_e,"[-10, 0]",True
286,1560,EX_3mtp_e,"[-10, 0]",True
287,1560,EX_C14769_e,"[-10, 0]",True
288,1560,EX_56dthm_e,"[-10, 0]",True
289,1560,EX_56dura_e,"[-10, 0]",True
290,1560,EX_5HPET_e,"[-10, 0]",True
291,1560,EX_acthr__L_e,"[-10, 0]",True
292,1560,EX_adpoh_e,"[-10, 0]",True
293,1560,EX_amet_e,"[-10, 0]",True
294,1560,EX_15HPET_e,"[-10, 0]",True
295,1560,EX_15kprostgf2_e,"[-10, 0]",True
296,1560,EX_21hprgnlone_e,"[-10, 0]",True
297,1560,EX_3hmp_e,"[-10, 0]",True
298,1560,EX_3mhis_e,"[-10, 0]",True
299,1560,EX_and19one_e,"[-10, 0]",True
300,1560,EX_aracheth_e,"[-10, 0]",True
301,1560,EX_C02356_e,"[-10, 0]",True
302,1560,EX_C02712_e,"[-10, 0]",True
303,1560,EX_C04717_e,"[-10, 0]",True
304,1560,EX_C05957_e,"[-10, 0]",True
305,1560,EX_C06314_e,"[-10, 0]",True
306,1560,EX_pcholet_hs_e,"[-10, 0]",True
307,1560,EX_C14771_e,"[-10, 0]",True
308,1560,EX_CE1273_e,"[-10, 0]",True
309,1560,EX_CE2176_e,"[-10, 0]",True
310,1560,EX_pcholn201_hs_e,"[-10, 0]",True
311,1560,EX_pcholn205_hs_e,"[-10, 0]",True
312,1560,EX_pcholn226_hs_e,"[-10, 0]",True
313,1560,EX_pcholn24_hs_e,"[-10, 0]",True
314,1560,EX_eidi1114ac_e,"[-10, 0]",True
315,1560,EX_CE6031_e,"[-10, 0]",True
316,1560,EX_CE7082_e,"[-10, 0]",True
317,1560,EX_pcholn261_hs_e,"[-10, 0]",True
318,1560,EX_pcholpalm_hs_e,"[-10, 0]",True
319,1560,EX_pe14_hs_e,"[-10, 0]",True
320,1560,EX_pe15_hs_e,"[-10, 0]",True
321,1560,EX_pe161_hs_e,"[-10, 0]",True
322,1560,EX_pe203_hs_e,"[-10, 0]",True
323,1560,EX_pe226_hs_e,"[-10, 0]",True
324,1560,EX_CE7083_e,"[-10, 0]",True
325,1560,EX_docohxeth_e,"[-10, 0]",True
326,1560,EX_elaidcrn_e,"[-10, 0]",True
327,1560,EX_HC00900_e,"[-10, 0]",True
328,1560,EX_hexdiac_e,"[-10, 0]",True
329,1560,EX_hgentis_e,"[-10, 0]",True
330,1560,EX_leuktrB4wcooh_e,"[-10, 0]",True
331,1560,EX_pe2linl_hs_e,"[-10, 0]",True
332,1560,EX_pear_hs_e,"[-10, 0]",True
333,1560,EX_pendecaeth_e,"[-10, 0]",True
334,1560,EX_lineth_e,"[-10, 0]",True
335,1560,EX_lnlccrn_e,"[-10, 0]",True
336,1560,EX_Lpipecol_e,"[-10, 0]",True
337,1560,EX_pepalm_hs_e,"[-10, 0]",True
338,1560,EX_peste_hs_e,"[-10, 0]",True
339,1560,EX_pmeth_e,"[-10, 0]",True
340,1560,EX_lthstrl_e,"[-10, 0]",True
341,1560,EX_maglinl_hs_e,"[-10, 0]",True
342,1560,EX_sebacid_e,"[-10, 0]",True
343,1560,EX_sphmyln180241_hs_e,"[-10, 0]",True
344,1560,EX_magste_hs_e,"[-10, 0]",True
345,1560,EX_mev__R_e,"[-10, 0]",True
346,1560,EX_sphmyln18114_hs_e,"[-10, 0]",True
347,1560,EX_sphmyln18115_hs_e,"[-10, 0]",True
348,1560,EX_pailpalm_hs_e,"[-10, 0]",True
349,1560,EX_pailste_hs_e,"[-10, 0]",True
350,1560,EX_sphmyln18116_hs_e,"[-10, 0]",True
351,1560,EX_pchol2linl_hs_e,"[-10, 0]",True
352,1560,EX_pchol2ole_hs_e,"[-10, 0]",True
353,1560,EX_pchol2palm_hs_e,"[-10, 0]",True
354,1560,EX_pcholar_hs_e,"[-10, 0]",True
355,1560,EX_sphmyln181181_hs_e,"[-10, 0]",True
356,1560,EX_sphmyln18120_hs_e,"[-10, 0]",True
357,1560,EX_sphmyln18121_hs_e,"[-10, 0]",True
358,1560,EX_sphmyln18122_hs_e,"[-10, 0]",True
359,1560,EX_sphmyln181221_hs_e,"[-10, 0]",True
360,1560,EX_subeac_e,"[-10, 0]",True
361,1560,EX_tetdeca511ac_e,"[-10, 0]",True
362,1560,EX_thrnt_e,"[-10, 0]",True
363,1560,EX_ttdcrn_e,"[-10, 0]",True
364,1560,EX_txb2_e,"[-10, 0]",True
365,1560,EX_wharachd_e,"[-10, 0]",True
366,1560,EX_xolest181_hs_e,"[-10, 0]",True
367,1560,EX_xolest182_hs_e,"[-10, 0]",True
368,1560,EX_xolest204_hs_e,"[-10, 0]",True
369,1560,EX_achom__L_e,"[-10, 0]",True
370,1560,EX_phacgly_e,"[-10, 0]",True
371,1560,EX_3moxtyr_e,"[-10, 0]",True
372,1560,EX_alltn_e,"[-10, 0]",True
373,1560,EX_glyc2p_e,"[-10, 0]",True
374,1560,EX_glyclt_e,"[-10, 0]",True
375,1560,EX_oaa_e,"[-10, 0]",True
376,1560,EX_phlac_e,"[-10, 0]",True
377,1560,EX_ttdcea_e,"[-10, 0]",True
378,1560,EX_alaargcys_e,"[-10, 0]",True
379,1560,EX_acleu__L_e,"[-10, 0]",True
380,1560,EX_alaarggly_e,"[-10, 0]",True
381,1560,EX_pheacgly_e,"[-10, 0]",True
382,1560,EX_bz_e,"[-10, 0]",True
383,1560,EX_alaglylys_e,"[-10, 0]",True
384,1560,EX_pcresol_e,"[-10, 0]",True
385,1560,EX_pcs_e,"[-10, 0]",True
386,1560,EX_hisargser_e,"[-10, 0]",True
387,1560,EX_hiscyscys_e,"[-10, 0]",True
388,1560,EX_alahisala_e,"[-10, 0]",True
389,1560,EX_hisglu_e,"[-10, 0]",True
390,1560,EX_hisglugln_e,"[-10, 0]",True
391,1560,EX_hislysala_e,"[-10, 0]",True
392,1560,EX_hislysglu_e,"[-10, 0]",True
393,1560,EX_C05300_e,"[-10, 0]",True
394,1560,EX_argalaala_e,"[-10, 0]",True
395,1560,EX_retinal_e,"[-10, 0]",True
396,1560,EX_1mncam_e,"[-10, 0]",True
397,1560,EX_progly_e,"[-10, 0]",True
398,1560,EX_dhbpt_e,"[-10, 0]",True
399,1560,EX_hislysthr_e,"[-10, 0]",True
400,1560,EX_hislysval_e,"[-10, 0]",True
401,1560,EX_hismetgln_e,"[-10, 0]",True
402,1560,EX_hisphearg_e,"[-10, 0]",True
403,1560,EX_hisprolys_e,"[-10, 0]",True
404,1560,EX_histrphis_e,"[-10, 0]",True
405,1560,EX_ileargile_e,"[-10, 0]",True
406,1560,EX_argalaphe_e,"[-10, 0]",True
407,1560,EX_ileasp_e,"[-10, 0]",True
408,1560,EX_ileprolys_e,"[-10, 0]",True
409,1560,EX_prolyspro_e,"[-10, 0]",True
410,1560,EX_prophe_e,"[-10, 0]",True
411,1560,EX_argalathr_e,"[-10, 0]",True
412,1560,EX_proproarg_e,"[-10, 0]",True
413,1560,EX_propropro_e,"[-10, 0]",True
414,1560,EX_leuasnasp_e,"[-10, 0]",True
415,1560,EX_leuasplys_e,"[-10, 0]",True
416,1560,EX_protrplys_e,"[-10, 0]",True
417,1560,EX_provalgln_e,"[-10, 0]",True
418,1560,EX_leuleutrp_e,"[-10, 0]",True
419,1560,EX_argarg_e,"[-10, 0]",True
420,1560,EX_leuproarg_e,"[-10, 0]",True
421,1560,EX_leusertrp_e,"[-10, 0]",True
422,1560,EX_serlyshis_e,"[-10, 0]",True
423,1560,EX_thrglntyr_e,"[-10, 0]",True
424,1560,EX_thrphearg_e,"[-10, 0]",True
425,1560,EX_thrserarg_e,"[-10, 0]",True
426,1560,EX_leutrp_e,"[-10, 0]",True
427,1560,EX_thrthrarg_e,"[-10, 0]",True
428,1560,EX_leuval_e,"[-10, 0]",True
429,1560,EX_thrtyrmet_e,"[-10, 0]",True
430,1560,EX_lysargleu_e,"[-10, 0]",True
431,1560,EX_argarglys_e,"[-10, 0]",True
432,1560,EX_lyscyshis_e,"[-10, 0]",True
433,1560,EX_lysglnphe_e,"[-10, 0]",True
434,1560,EX_lystrparg_e,"[-10, 0]",True
435,1560,EX_lysvalphe_e,"[-10, 0]",True
436,1560,EX_trpargala_e,"[-10, 0]",True
437,1560,EX_trpglngln_e,"[-10, 0]",True
438,1560,EX_trpglugly_e,"[-10, 0]",True
439,1560,EX_trpglupro_e,"[-10, 0]",True
440,1560,EX_trpglyleu_e,"[-10, 0]",True
441,1560,EX_trpglyphe_e,"[-10, 0]",True
442,1560,EX_trpilelys_e,"[-10, 0]",True
443,1560,EX_trpiletrp_e,"[-10, 0]",True
444,1560,EX_trpleuval_e,"[-10, 0]",True
445,1560,EX_metglntyr_e,"[-10, 0]",True
446,1560,EX_metphearg_e,"[-10, 0]",True
447,1560,EX_pheasnmet_e,"[-10, 0]",True
448,1560,EX_pheasp_e,"[-10, 0]",True
449,1560,EX_pheleuasp_e,"[-10, 0]",True
450,1560,EX_pheleuhis_e,"[-10, 0]",True
451,1560,EX_trplys_e,"[-10, 0]",True
452,1560,EX_trpmetval_e,"[-10, 0]",True
453,1560,EX_trptyrgln_e,"[-10, 0]",True
454,1560,EX_phelyspro_e,"[-10, 0]",True
455,1560,EX_phephethr_e,"[-10, 0]",True
456,1560,EX_pheproarg_e,"[-10, 0]",True
457,1560,EX_trptyrtyr_e,"[-10, 0]",True
458,1560,EX_phesertrp_e,"[-10, 0]",True
459,1560,EX_tyrargser_e,"[-10, 0]",True
460,1560,EX_argcysgly_e,"[-10, 0]",True
461,1560,EX_tyrcysthr_e,"[-10, 0]",True
462,1560,EX_tyrleuarg_e,"[-10, 0]",True
463,1560,EX_tyrphetyr_e,"[-10, 0]",True
464,1560,EX_tyrthr_e,"[-10, 0]",True
465,1560,EX_tyrtrpphe_e,"[-10, 0]",True
466,1560,EX_tyrtyr_e,"[-10, 0]",True
467,1560,EX_tyrvalmet_e,"[-10, 0]",True
468,1560,EX_valarggly_e,"[-10, 0]",True
469,1560,EX_valhisasn_e,"[-10, 0]",True
470,1560,EX_valphearg_e,"[-10, 0]",True
471,1560,EX_valprotrp_e,"[-10, 0]",True
472,1560,EX_valserarg_e,"[-10, 0]",True
473,1560,EX_phetyrgln_e,"[-10, 0]",True
474,1560,EX_phetyrlys_e,"[-10, 0]",True
475,1560,EX_proargcys_e,"[-10, 0]",True
476,1560,EX_proasncys_e,"[-10, 0]",True
477,1560,EX_proglnpro_e,"[-10, 0]",True
478,1560,EX_prohis_e,"[-10, 0]",True
479,1560,EX_prohistyr_e,"[-10, 0]",True
480,1560,EX_argglupro_e,"[-10, 0]",True
481,1560,EX_argglygly_e,"[-10, 0]",True
482,1560,EX_argphearg_e,"[-10, 0]",True
483,1560,EX_argpromet_e,"[-10, 0]",True
484,1560,EX_argprothr_e,"[-10, 0]",True
485,1560,EX_argtyrval_e,"[-10, 0]",True
486,1560,EX_argvalcys_e,"[-10, 0]",True
487,1560,EX_argvaltrp_e,"[-10, 0]",True
488,1560,EX_asnasnarg_e,"[-10, 0]",True
489,1560,EX_asncyscys_e,"[-10, 0]",True
490,1560,EX_asnpheasp_e,"[-10, 0]",True
491,1560,EX_asnphecys_e,"[-10, 0]",True
492,1560,EX_asntyrthr_e,"[-10, 0]",True
493,1560,EX_aspglu_e,"[-10, 0]",True
494,1560,EX_aspglupro_e,"[-10, 0]",True
495,1560,EX_asphiscys_e,"[-10, 0]",True
496,1560,EX_aspvalasn_e,"[-10, 0]",True
497,1560,EX_cyssermet_e,"[-10, 0]",True
498,1560,EX_cystyrasn_e,"[-10, 0]",True
499,1560,EX_glnasngln_e,"[-10, 0]",True
500,1560,EX_hxa_e,"[-10, 0]",True
501,1560,EX_glnhislys_e,"[-10, 0]",True
502,1560,EX_glnproglu_e,"[-10, 0]",True
503,1560,EX_gluargleu_e,"[-10, 0]",True
504,1560,EX_gluasnleu_e,"[-10, 0]",True
505,1560,EX_gluthrlys_e,"[-10, 0]",True
506,1560,EX_glutrpala_e,"[-10, 0]",True
507,1560,EX_glyhisasn_e,"[-10, 0]",True
508,1560,EX_glylyscys_e,"[-10, 0]",True
509,1560,EX_glylysphe_e,"[-10, 0]",True
510,1560,EX_core4_e,"[-10, 0]",True
511,1560,EX_core5_e,"[-10, 0]",True
512,1560,EX_glyvalhis_e,"[-10, 0]",True
513,1560,EX_dsT_antigen_e,"[-10, 0]",True
514,1560,EX_f1a_e,"[-10, 0]",True
515,1560,EX_galam_e,"[-10, 0]",True
516,1560,EX_gncore1_e,"[-10, 0]",True
517,1560,EX_mqn7_e,"[-10, 0]",True
518,1560,EX_acgal_e,"[-10, 0]",True
519,1560,EX_acnam_e,"[-10, 0]",True
520,1560,EX_pcreat_e,"[-10, 0]",True
521,1560,EX_HC00342_e,"[-10, 0]",True
522,1560,EX_CE2934_e,"[-10, 0]",True
523,1560,EX_acac_e,"[-10, 0]",True
524,1560,EX_adn_e,"[-10, 0]",True
525,1560,EX_asp__L_e,"[-10, 0]",True
526,1560,EX_but_e,"[-10, 0]",True
527,1560,EX_din_e,"[-10, 0]",True
528,1560,EX_fe2_e,"[-10, 0]",True
529,1560,EX_fe3_e,"[-10, 0]",True
530,1560,EX_gal_e,"[-10, 0]",True
531,1560,EX_glu__L_e,"[-10, 0]",True
532,1560,EX_glyb_e,"[-10, 0]",True
533,1560,EX_glyleu_e,"[-10, 0]",True
534,1560,EX_h2o_e,"[-10, 0]",True
535,1560,EX_ins_e,"[-10, 0]",True
536,1560,EX_k_e,"[-10, 0]",True
537,1560,EX_lac__L_e,"[-10, 0]",True
538,1560,EX_leu__L_e,"[-10, 0]",True
539,1560,EX_lys__L_e,"[-10, 0]",True
540,1560,EX_mal__L_e,"[-10, 0]",True
541,1560,EX_no2_e,"[-10, 0]",True
542,1560,EX_o2_e,"[-10, 0]",True
543,1560,EX_orn_e,"[-10, 0]",True
544,1560,EX_pi_e,"[-10, 0]",True
545,1560,EX_ribflv_e,"[-10, 0]",True
546,1560,EX_succ_e,"[-10, 0]",True
547,1560,EX_thymd_e,"[-10, 0]",True
548,1560,EX_urea_e,"[-10, 0]",True
549,1560,EX_uri_e,"[-10, 0]",True
550,1560,EX_dxtrn_e,"[-10, 0]",True
551,1560,EX_dhcholestanate_e,"[-10, 0]",True
552,1560,EX_pnto__R_e,"[-10, 0]",True
553,1560,EX_gly_e,"[-10, 0]",True
554,1560,EX_cys__L_e,"[-10, 0]",True
555,1560,EX_thr__L_e,"[-10, 0]",True
556,1560,EX_gln__L_e,"[-10, 0]",True
557,1560,EX_thcholstoic_e,"[-10, 0]",True
558,1560,EX_phe__L_e,"[-10, 0]",True
559,1560,EX_tyr__L_e,"[-10, 0]",True
560,1560,EX_arg__L_e,"[-10, 0]",True
561,1560,EX_for_e,"[-10, 0]",True
562,1560,EX_nac_e,"[-10, 0]",True
563,1560,EX_ind3ac_e,"[-10, 0]",True
564,1560,EX_nh4_e,"[-10, 0]",True
565,1560,EX_ac_e,"[-10, 0]",True
566,1560,EX_mqn8_e,"[-10, 0]",True
567,1560,EX_xol7aone_e,"[-10, 0]",True
568,1560,EX_drib_e,"[-10, 0]",True
569,1560,EX_fru_e,"[-10, 0]",True
570,1560,EX_glyc_e,"[-10, 0]",True
571,1560,EX_malttr_e,"[-10, 0]",True
572,1560,EX_man_e,"[-10, 0]",True
573,1560,EX_ptrc_e,"[-10, 0]",True
574,1560,EX_rib__D_e,"[-10, 0]",True
575,1560,EX_spmd_e,"[-10, 0]",True
576,1560,EX_pydxn_e,"[-10, 0]",True
577,1560,EX_pydx_e,"[-10, 0]",True
578,1560,EX_pydam_e,"[-10, 0]",True
579,1560,EX_arab__L_e,"[-10, 0]",True
580,1560,EX_gam_e,"[-10, 0]",True
581,1560,EX_pyr_e,"[-10, 0]",True
582,1560,EX_tre_e,"[-10, 0]",True
583,1560,EX_4abut_e,"[-10, 0]",True
584,1560,EX_btn_e,"[-10, 0]",True
585,1560,EX_ade_e,"[-10, 0]",True
586,1560,EX_etoh_e,"[-10, 0]",True
587,1560,EX_acald_e,"[-10, 0]",True
588,1560,EX_taur_e,"[-10, 0]",True
589,1560,EX_tym_e,"[-10, 0]",True
590,1560,EX_3hadpac_e,"[-10, 0]",True
591,1560,EX_ethmalac_e,"[-10, 0]",True
592,1560,EX_lanost_e,"[-10, 0]",True
593,1560,EX_hexgly_e,"[-10, 0]",True
594,1560,EX_subgly_e,"[-10, 0]",True
595,1560,EX_4ohbut_e,"[-10, 0]",True
596,1560,EX_3mox4hoxm_e,"[-10, 0]",True
597,1560,EX_CE2026_e,"[-10, 0]",True
598,1560,EX_thexdd_e,"[-10, 0]",True
599,1560,EX_hexdtr_e,"[-10, 0]",True
600,1560,EX_eic21114tr_e,"[-10, 0]",True
601,1560,EX_CE4968_e,"[-10, 0]",True
602,1560,EX_dhea_e,"[-10, 0]",True
603,1560,EX_ahandrostan_e,"[-10, 0]",True
604,1560,EX_andrstandn_e,"[-10, 0]",True
605,1560,EX_CE2209_e,"[-10, 0]",True
606,1560,EX_estrone_e,"[-10, 0]",True
607,1560,EX_C05299_e,"[-10, 0]",True
608,1560,EX_C05302_e,"[-10, 0]",True
609,1560,EX_11docrtsl_e,"[-10, 0]",True
610,1560,EX_agm_e,"[-10, 0]",True
611,1560,EX_prgnlone_e,"[-10, 0]",True
612,1560,EX_17ahprgnlone_e,"[-10, 0]",True
613,1560,EX_C03681_e,"[-10, 0]",True
614,1560,EX_prgnlones_e,"[-10, 0]",True
615,1560,EX_CE1352_e,"[-10, 0]",True
616,1560,EX_xol24oh_e,"[-10, 0]",True
617,1560,EX_xol25oh_e,"[-10, 0]",True
618,1560,EX_chsterols_e,"[-10, 0]",True
619,1560,EX_3ityr__L_e,"[-10, 0]",True
620,1560,EX_T4hcinnm_e,"[-10, 0]",True
621,1560,EX_35diotyr_e,"[-10, 0]",True
622,1560,EX_13_cis_retn_e,"[-10, 0]",True
623,1560,EX_18harachd_e,"[-10, 0]",True
624,1560,EX_HC00460_e,"[-10, 0]",True
625,1560,EX_vanillac_e,"[-10, 0]",True
626,1560,EX_CE7090_e,"[-10, 0]",True
627,1560,EX_CE7096_e,"[-10, 0]",True
628,1560,EX_CE4877_e,"[-10, 0]",True
629,1560,EX_CE1447_e,"[-10, 0]",True
630,1560,EX_trypta_e,"[-10, 0]",True
631,1560,EX_CE2006_e,"[-10, 0]",True
632,1560,EX_C10164_e,"[-10, 0]",True
633,1560,EX_n8aspmd_e,"[-10, 0]",True
634,1560,EX_CE6205_e,"[-10, 0]",True
635,1560,EX_C09642_e,"[-10, 0]",True
636,1560,EX_C05769_e,"[-10, 0]",True
637,1560,EX_C05770_e,"[-10, 0]",True
638,1560,EX_ppbng_e,"[-10, 0]",True
639,1560,EX_12ppd__R_e,"[-10, 0]",True
640,1560,EX_dopa4sf_e,"[-10, 0]",True
641,1560,EX_CE0737_e,"[-10, 0]",True
642,1560,EX_2hiv_e,"[-10, 0]",True
643,1560,EX_4glu56dihdind_e,"[-10, 0]",True
644,1560,EX_hdd2crn_e,"[-10, 0]",True
645,1560,EX_im4ac_e,"[-10, 0]",True
646,1560,EX_CE1918_e,"[-10, 0]",True
647,1560,EX_mlthf_e,"[-10, 0]",True
648,1560,EX_CE5025_e,"[-10, 0]",True
649,1560,EX_CE2172_e,"[-10, 0]",True
650,1560,EX_ppp9_e,"[-10, 0]",True
651,1560,EX_aact_e,"[-10, 0]",True
652,1560,EX_CE5629_e,"[-10, 0]",True
653,1560,EX_CE2705_e,"[-10, 0]",True
654,1560,EX_prist_e,"[-10, 0]",True
655,1560,EX_CE2049_e,"[-10, 0]",True
656,1560,EX_gd3_hs_e,"[-10, 0]",True
657,1560,EX_CE2047_e,"[-10, 0]",True
658,1560,EX_gm3_hs_e,"[-10, 0]",True
659,1560,EX_2m3hbu_e,"[-10, 0]",True
660,1560,EX_5a2opntn_e,"[-10, 0]",True
661,1560,EX_arg__D_e,"[-10, 0]",True
662,1560,EX_idl_hs_e,"[-10, 0]",True
663,1560,EX_ldl_hs_e,"[-10, 0]",True
664,1560,EX_hdl_hs_e,"[-10, 0]",True
665,1560,EX_HC00005_e,"[-10, 0]",True
666,1560,EX_2m3hvac_e,"[-10, 0]",True
667,1560,EX_pail_hs_e,"[-10, 0]",True
668,1560,EX_CE1243_e,"[-10, 0]",True
669,1560,EX_galgluside_hs_e,"[-10, 0]",True
670,1560,EX_ga1_hs_e,"[-10, 0]",True
671,1560,EX_gt1b_hs_e,"[-10, 0]",True
672,1560,EX_3mglutac_e,"[-10, 0]",True
673,1560,EX_cmpacna_e,"[-10, 0]",True
674,1560,EX_gd2_hs_e,"[-10, 0]",True
675,1560,EX_3mglutr_e,"[-10, 0]",True
676,1560,EX_12dhchol_e,"[-10, 0]",True
677,1560,EX_3dhchol_e,"[-10, 0]",True
678,1560,EX_3dhlchol_e,"[-10, 0]",True
679,1560,EX_7dhcdchol_e,"[-10, 0]",True
680,1560,EX_ca24g_e,"[-10, 0]",True
681,1560,EX_ca3s_e,"[-10, 0]",True
682,1560,EX_cdca24g_e,"[-10, 0]",True
683,1560,EX_coprost_e,"[-10, 0]",True
684,1560,EX_dca3s_e,"[-10, 0]",True
685,1560,EX_hdca24g_e,"[-10, 0]",True
686,1560,EX_hdca6g_e,"[-10, 0]",True
687,1560,EX_icdchol_e,"[-10, 0]",True
688,1560,EX_lca3g_e,"[-10, 0]",True
689,1560,EX_tca3s_e,"[-10, 0]",True
690,1560,EX_tdca3s_e,"[-10, 0]",True
691,1560,EX_thyochol_e,"[-10, 0]",True
692,1560,EX_tudca3s_e,"[-10, 0]",True
693,1560,EX_mem2emgacpail_prot_hs_e,"[-10, 0]",True
694,1560,EX_nadh_e,"[-10, 0]",True
695,1560,EX_glc__D_e,"[-10, 0]",True
696,1560,EX_3hlvstacid_e,"[-10, 0]",True
697,1560,EX_3hpvs_e,"[-10, 0]",True
698,1560,EX_13dmt_e,"[-10, 0]",True
699,1560,EX_1513tacr_e,"[-10, 0]",True
700,1560,EX_1hibupglu__S_e,"[-10, 0]",True
701,1560,EX_2hatvacidgluc_e,"[-10, 0]",True
702,1560,EX_2hibupglu__S_e,"[-10, 0]",True
703,1560,EX_31dmt_e,"[-10, 0]",True
704,1560,EX_35dsmv_e,"[-10, 0]",True
705,1560,EX_3hibup__R_e,"[-10, 0]",True
706,1560,EX_3ohacmp_e,"[-10, 0]",True
707,1560,EX_4hatvacid_e,"[-10, 0]",True
708,1560,EX_4hmdgluc_e,"[-10, 0]",True
709,1560,EX_56dhpvs_e,"[-10, 0]",True
710,1560,EX_5ohfvs_e,"[-10, 0]",True
711,1560,EX_6epvs_e,"[-10, 0]",True
712,1560,EX_lvst_e,"[-10, 0]",True
713,1560,EX_meracmp_e,"[-10, 0]",True
714,1560,EX_nfdac_e,"[-10, 0]",True
715,1560,EX_oxyp_e,"[-10, 0]",True
716,1560,EX_ptvstm3_e,"[-10, 0]",True
717,1560,EX_6hmsmvacid_e,"[-10, 0]",True
718,1560,EX_6ohfvs_e,"[-10, 0]",True
719,1560,EX_7ahglz_e,"[-10, 0]",True
720,1560,EX_7bhglz_e,"[-10, 0]",True
721,1560,EX_7hpvs_e,"[-10, 0]",True
722,1560,EX_acmpglut_e,"[-10, 0]",True
723,1560,EX_am19cs_e,"[-10, 0]",True
724,1560,EX_pvs_e,"[-10, 0]",True
725,1560,EX_pvsgluc_e,"[-10, 0]",True
726,1560,EX_smv_e,"[-10, 0]",True
727,1560,EX_smvacid_e,"[-10, 0]",True
728,1560,EX_sulpacmp_e,"[-10, 0]",True
729,1560,EX_tacr_e,"[-10, 0]",True
730,1560,EX_thrfvs_e,"[-10, 0]",True
731,1560,EX_tmd_e,"[-10, 0]",True
732,1560,EX_tmdm1_e,"[-10, 0]",True
733,1560,EX_tmdm3_e,"[-10, 0]",True
734,1560,EX_am1alcs_e,"[-10, 0]",True
735,1560,EX_am1c4n9cs_e,"[-10, 0]",True
736,1560,EX_am1cglc_e,"[-10, 0]",True
737,1560,EX_am1csa_e,"[-10, 0]",True
738,1560,EX_tripvs_e,"[-10, 0]",True
739,1560,EX_am4ncs_e,"[-10, 0]",True
740,1560,EX_am9csa_e,"[-10, 0]",True
741,1560,EX_atvacid_e,"[-10, 0]",True
742,1560,EX_caribup__R_e,"[-10, 0]",True
743,1560,EX_crvs_e,"[-10, 0]",True
744,1560,EX_crvsm24_e,"[-10, 0]",True
745,1560,EX_csa_e,"[-10, 0]",True
746,1560,EX_dhglz_e,"[-10, 0]",True
747,1560,EX_dspvs_e,"[-10, 0]",True
748,1560,EX_epoxtac_e,"[-10, 0]",True
749,1560,EX_fvs_e,"[-10, 0]",True
750,1560,EX_fvstetglu_e,"[-10, 0]",True
751,1560,EX_glc3meacp_e,"[-10, 0]",True
752,1560,EX_glz_e,"[-10, 0]",True
753,1560,EX_gtacmp_e,"[-10, 0]",True
754,1560,EX_ibup__R_e,"[-10, 0]",True
755,1560,EX_ibupgluc_e,"[-10, 0]",True
756,1560,EX_isolvstacid_e,"[-10, 0]",True
757,1560,EX_lst4exp_e,"[-10, 0]",True
758,1560,EX_lstn_e,"[-10, 0]",True
759,1560,EX_lstnm1_e,"[-10, 0]",True
760,1560,EX_caproic_e,"[-10, 0]",True
761,1560,EX_1a25dhvitd2_e,"[-10, 0]",True
762,1560,EX_M00234_e,"[-10, 0]",True
763,1560,EX_M01807_e,"[-10, 0]",True
764,1560,EX_M00503_e,"[-10, 0]",True
765,1560,EX_M02837_e,"[-10, 0]",True
766,1560,EX_M01820_e,"[-10, 0]",True
767,1560,EX_M00510_e,"[-10, 0]",True
768,1560,EX_M00008_e,"[-10, 0]",True
769,1560,EX_gpi_sig_e,"[-10, 0]",True
770,1560,EX_kdn_e,"[-10, 0]",True
771,1560,EX_m3gacpail_prot_hs_e,"[-10, 0]",True
772,1560,EX_dolichol__L_e,"[-10, 0]",True
773,1560,EX_M00019_e,"[-10, 0]",True
774,1560,EX_M00115_e,"[-10, 0]",True
775,1560,EX_M00117_e,"[-10, 0]",True
776,1560,EX_M00315_e,"[-10, 0]",True
777,1560,EX_M00341_e,"[-10, 0]",True
778,1560,EX_M01197_e,"[-10, 0]",True
779,1560,EX_M01235_e,"[-10, 0]",True
780,1560,EX_M01238_e,"[-10, 0]",True
781,1560,EX_M01582_e,"[-10, 0]",True
782,1560,EX_M02053_e,"[-10, 0]",True
783,1560,EX_M02457_e,"[-10, 0]",True
784,1560,EX_M02745_e,"[-10, 0]",True
785,1560,EX_M02560_e,"[-10, 0]",True
786,1560,EX_C01601_e,"[-10, 0]",True
787,1560,EX_M02108_e,"[-10, 0]",True
788,1560,EX_M03134_e,"[-10, 0]",True
789,1560,EX_M01111_e,"[-10, 0]",True
790,1560,EX_h2co3_e,"[-10, 0]",True
791,1560,EX_M01870_e,"[-10, 0]",True
792,1560,EX_ditp_e,"[-10, 0]",True
793,1560,EX_M02446_e,"[-10, 0]",True
794,1560,EX_M02447_e,"[-10, 0]",True
795,1560,EX_itacon_e,"[-10, 0]",True
796,1560,EX_4pyrdx_e,"[-10, 0]",True
797,1560,EX_5adtststeroneglc_e,"[-10, 0]",True
798,1560,EX_5dhf_e,"[-10, 0]",True
799,1560,EX_5homeprazole_e,"[-10, 0]",True
800,1560,EX_10fthf_e,"[-10, 0]",True
801,1560,EX_1glyc_hs_e,"[-10, 0]",True
802,1560,EX_2425dhvitd2_e,"[-10, 0]",True
803,1560,EX_2425dhvitd3_e,"[-10, 0]",True
804,1560,EX_25hvitd2_e,"[-10, 0]",True
805,1560,EX_34dhoxpeg_e,"[-10, 0]",True
806,1560,EX_3aib_e,"[-10, 0]",True
807,1560,EX_3aib__D_e,"[-10, 0]",True
808,1560,EX_3mlda_e,"[-10, 0]",True
809,1560,EX_4hdebrisoquine_e,"[-10, 0]",True
810,1560,EX_4mtolbutamide_e,"[-10, 0]",True
811,1560,EX_4nph_e,"[-10, 0]",True
812,1560,EX_4nphsf_e,"[-10, 0]",True
813,1560,EX_6thf_e,"[-10, 0]",True
814,1560,EX_abt_e,"[-10, 0]",True
815,1560,EX_acgalfucgalacgalfucgalacglcgal14acglcgalgluside_hs_e,"[-10, 0]",True
816,1560,EX_ach_e,"[-10, 0]",True
817,1560,EX_acn13acngalgbside_hs_e,"[-10, 0]",True
818,1560,EX_acn23acngalgbside_hs_e,"[-10, 0]",True
819,1560,EX_acnacngalgbside_hs_e,"[-10, 0]",True
820,1560,EX_acngalacglcgal14acglcgalgluside_hs_e,"[-10, 0]",True
821,1560,EX_adprbp_e,"[-10, 0]",True
822,1560,EX_adrn_e,"[-10, 0]",True
823,1560,EX_adrnl_e,"[-10, 0]",True
824,1560,EX_aflatoxin_e,"[-10, 0]",True
825,1560,EX_ak2lgchol_hs_e,"[-10, 0]",True
826,1560,EX_amp_e,"[-10, 0]",True
827,1560,EX_apnnox_e,"[-10, 0]",True
828,1560,EX_aprgstrn_e,"[-10, 0]",True
829,1560,EX_aqcobal_e,"[-10, 0]",True
830,1560,EX_arachd_e,"[-10, 0]",True
831,1560,EX_ascb__L_e,"[-10, 0]",True
832,1560,EX_asp__D_e,"[-10, 0]",True
833,1560,EX_atp_e,"[-10, 0]",True
834,1560,EX_bilglcur_e,"[-10, 0]",True
835,1560,EX_bilirub_e,"[-10, 0]",True
836,1560,EX_camp_e,"[-10, 0]",True
837,1560,EX_chsterol_e,"[-10, 0]",True
838,1560,EX_cmp_e,"[-10, 0]",True
839,1560,EX_co_e,"[-10, 0]",True
840,1560,EX_crtsl_e,"[-10, 0]",True
841,1560,EX_cspg_a_e,"[-10, 0]",True
842,1560,EX_cspg_b_e,"[-10, 0]",True
843,1560,EX_cspg_d_e,"[-10, 0]",True
844,1560,EX_debrisoquine_e,"[-10, 0]",True
845,1560,EX_dgchol_e,"[-10, 0]",True
846,1560,EX_dopasf_e,"[-10, 0]",True
847,1560,EX_ebastineoh_e,"[-10, 0]",True
848,1560,EX_elaid_e,"[-10, 0]",True
849,1560,EX_estradiol_e,"[-10, 0]",True
850,1560,EX_estriolglc_e,"[-10, 0]",True
851,1560,EX_estroneglc_e,"[-10, 0]",True
852,1560,EX_estrones_e,"[-10, 0]",True
853,1560,EX_fuc13galacglcgal14acglcgalgluside_hs_e,"[-10, 0]",True
854,1560,EX_fuc14galacglcgalgluside_hs_e,"[-10, 0]",True
855,1560,EX_fucacgalfucgalacglcgalgluside_hs_e,"[-10, 0]",True
856,1560,EX_fucacngal14acglcgalgluside_hs_e,"[-10, 0]",True
857,1560,EX_fucfuc132galacglcgal14acglcgalgluside_hs_e,"[-10, 0]",True
858,1560,EX_fucfucfucgalacglcgal14acglcgalgluside_hs_e,"[-10, 0]",True
859,1560,EX_fucgalfucgalacglcgalgluside_hs_e,"[-10, 0]",True
860,1560,EX_galfuc12gal14acglcgalgluside_hs_e,"[-10, 0]",True
861,1560,EX_galgalfucfucgalacglcgalacglcgal14acglcgalgluside_hs_e,"[-10, 0]",True
862,1560,EX_galgalgalthcrm_hs_e,"[-10, 0]",True
863,1560,EX_gbside_hs_e,"[-10, 0]",True
864,1560,EX_gchola_e,"[-10, 0]",True
865,1560,EX_gd1b2_hs_e,"[-10, 0]",True
866,1560,EX_glygn2_e,"[-10, 0]",True
867,1560,EX_glygn4_e,"[-10, 0]",True
868,1560,EX_glygn5_e,"[-10, 0]",True
869,1560,EX_gmp_e,"[-10, 0]",True
870,1560,EX_gp1c_hs_e,"[-10, 0]",True
871,1560,EX_gq1b_hs_e,"[-10, 0]",True
872,1560,EX_gthrd_e,"[-10, 0]",True
873,1560,EX_gtp_e,"[-10, 0]",True
874,1560,EX_h2o2_e,"[-10, 0]",True
875,1560,EX_hco3_e,"[-10, 0]",True
876,1560,EX_hdca_e,"[-10, 0]",True
877,1560,EX_hestratriol_e,"[-10, 0]",True
878,1560,EX_hista_e,"[-10, 0]",True
879,1560,EX_hpdca_e,"[-10, 0]",True
880,1560,EX_idp_e,"[-10, 0]",True
881,1560,EX_inost_e,"[-10, 0]",True
882,1560,EX_ksi_deg1_e,"[-10, 0]",True
883,1560,EX_ksii_core2_e,"[-10, 0]",True
884,1560,EX_leuktrA4_e,"[-10, 0]",True
885,1560,EX_leuktrF4_e,"[-10, 0]",True
886,1560,EX_lgnc_e,"[-10, 0]",True
887,1560,EX_lneldc_e,"[-10, 0]",True
888,1560,EX_lnlncg_e,"[-10, 0]",True
889,1560,EX_mag_hs_e,"[-10, 0]",True
890,1560,EX_n2m2nmasn_e,"[-10, 0]",True
891,1560,EX_ncam_e,"[-10, 0]",True
892,1560,EX_no_e,"[-10, 0]",True
893,1560,EX_nrpphrsf_e,"[-10, 0]",True
894,1560,EX_nrvnc_e,"[-10, 0]",True
895,1560,EX_o2s_e,"[-10, 0]",True
896,1560,EX_omeprazole_e,"[-10, 0]",True
897,1560,EX_pe_hs_e,"[-10, 0]",True
898,1560,EX_peplys_e,"[-10, 0]",True
899,1560,EX_pglyc_hs_e,"[-10, 0]",True
900,1560,EX_prgstrn_e,"[-10, 0]",True
901,1560,EX_prostge1_e,"[-10, 0]",True
902,1560,EX_ptdca_e,"[-10, 0]",True
903,1560,EX_rbt_e,"[-10, 0]",True
904,1560,EX_retinol_9_cis_e,"[-10, 0]",True
905,1560,EX_retinol_cis_11_e,"[-10, 0]",True
906,1560,EX_retn_e,"[-10, 0]",True
907,1560,EX_retnglc_e,"[-10, 0]",True
908,1560,EX_Rtotal_e,"[-10, 0]",True
909,1560,EX_s2l2fn2m2masn_e,"[-10, 0]",True
910,1560,EX_sl__L_e,"[-10, 0]",True
911,1560,EX_sphs1p_e,"[-10, 0]",True
912,1560,EX_srtn_e,"[-10, 0]",True
913,1560,EX_strch1_e,"[-10, 0]",True
914,1560,EX_strch2_e,"[-10, 0]",True
915,1560,EX_tag__D_e,"[-10, 0]",True
916,1560,EX_tethex3_e,"[-10, 0]",True
917,1560,EX_tettet6_e,"[-10, 0]",True
918,1560,EX_thf_e,"[-10, 0]",True
919,1560,EX_thmtp_e,"[-10, 0]",True
920,1560,EX_thyox__L_e,"[-10, 0]",True
921,1560,EX_tmndnc_e,"[-10, 0]",True
922,1560,EX_tolbutamide_e,"[-10, 0]",True
923,1560,EX_tststerone_e,"[-10, 0]",True
924,1560,EX_tsul_e,"[-10, 0]",True
925,1560,EX_txa2_e,"[-10, 0]",True
926,1560,EX_ump_e,"[-10, 0]",True
927,1560,EX_urate_e,"[-10, 0]",True
928,1560,EX_utp_e,"[-10, 0]",True
929,1560,EX_vacc_e,"[-10, 0]",True
930,1560,EX_whtststerone_e,"[-10, 0]",True
931,1560,EX_xolest_hs_e,"[-10, 0]",True
932,1560,EX_xolest2_hs_e,"[-10, 0]",True
933,1560,EX_xoltri24_e,"[-10, 0]",True
934,1560,EX_xylt_e,"[-10, 0]",True
935,1560,EX_yvite_e,"[-10, 0]",True
936,1560,EX_sprm_e,"[-10, 0]",True
937,1560,EX_CE1940_e,"[-10, 0]",True
938,1560,EX_CE1936_e,"[-10, 0]",True
939,1560,EX_maltpt_e,"[-10, 0]",True
940,1560,EX_CE2916_e,"[-10, 0]",True
941,1560,EX_CE2917_e,"[-10, 0]",True
942,1560,EX_CE2839_e,"[-10, 0]",True
943,1560,EX_CE1950_e,"[-10, 0]",True
944,1560,EX_23cump_e,"[-10, 0]",True
945,1560,EX_CE5788_e,"[-10, 0]",True
946,1560,EX_CE5789_e,"[-10, 0]",True
947,1560,EX_CE5798_e,"[-10, 0]",True
948,1560,EX_CE5791_e,"[-10, 0]",True
949,1560,EX_CE5867_e,"[-10, 0]",True
950,1560,EX_CE5869_e,"[-10, 0]",True
951,1560,EX_CE4633_e,"[-10, 0]",True
952,1560,EX_CE1926_e,"[-10, 0]",True
953,1560,EX_udpgal_e,"[-10, 0]",True
954,1560,EX_crm_hs_e,"[-10, 0]",True
955,1560,EX_galside_hs_e,"[-10, 0]",True
956,1560,EX_CE0074_e,"[-10, 0]",True
957,1560,EX_12dgr120_e,"[-10, 0]",True
958,1560,EX_C04849_e,"[-10, 0]",True
959,1560,EX_3bcrn_e,"[-10, 0]",True
960,1560,EX_3ddcrn_e,"[-10, 0]",True
961,1560,EX_3deccrn_e,"[-10, 0]",True
962,1560,EX_3hexdcrn_e,"[-10, 0]",True
963,1560,EX_3octdec2crn_e,"[-10, 0]",True
964,1560,EX_3octdeccrn_e,"[-10, 0]",True
965,1560,EX_3octdece1crn_e,"[-10, 0]",True
966,1560,EX_3tdcrn_e,"[-10, 0]",True
967,1560,EX_3tetd7ecoacrn_e,"[-10, 0]",True
968,1560,EX_3ttetddcoacrn_e,"[-10, 0]",True
969,1560,EX_c16dc_e,"[-10, 0]",True
970,1560,EX_c4crn_e,"[-10, 0]",True
971,1560,EX_c51crn_e,"[-10, 0]",True
972,1560,EX_c6dc_e,"[-10, 0]",True
973,1560,EX_c81crn_e,"[-10, 0]",True
974,1560,EX_c8dc_e,"[-10, 0]",True
975,1560,EX_ddece1crn_e,"[-10, 0]",True
976,1560,EX_ddeccrn_e,"[-10, 0]",True
977,1560,EX_doco13ac_e,"[-10, 0]",True
978,1560,EX_ivcrn_e,"[-10, 0]",True
979,1560,EX_tetdec2crn_e,"[-10, 0]",True
980,1560,EX_tetdece1crn_e,"[-10, 0]",True
981,1560,EX_prostgi2_e,"[-10, 0]",True
982,1560,EX_cdp_e,"[-10, 0]",True
983,1560,EX_dtdp_e,"[-10, 0]",True
984,1560,EX_HC00955_e,"[-10, 0]",True
985,1560,EX_HC00004_e,"[-10, 0]",True
986,1560,EX_C02470_e,"[-10, 0]",True
987,1560,EX_HC02193_e,"[-10, 0]",True
988,1560,EX_HC02196_e,"[-10, 0]",True
989,1560,EX_HC02220_e,"[-10, 0]",True
990,1560,EX_HC02194_e,"[-10, 0]",True
991,1560,EX_HC02197_e,"[-10, 0]",True
992,1560,EX_HC02187_e,"[-10, 0]",True
993,1560,EX_HC02180_e,"[-10, 0]",True
994,1560,EX_HC02202_e,"[-10, 0]",True
995,1560,EX_malcoa_e,"[-10, 0]",True
996,1560,EX_gltcho_e,"[-10, 0]",True
997,1560,EX_glygly_e,"[-10, 0]",True
998,1560,EX_gum_e,"[-10, 0]",True
999,1560,EX_gumdchac_e,"[-10, 0]",True
1000,1560,EX_gumgchol_e,"[-10, 0]",True
1001,1560,EX_pectindchac_e,"[-10, 0]",True
1002,1560,EX_psyltdechol_e,"[-10, 0]",True
1003,1560,EX_tdechola_e,"[-10, 0]",True
1004,1560,EX_cysam_e,"[-10, 0]",True
1005,1560,EX_dpcoa_e,"[-10, 0]",True
1006,1560,EX_fmn_e,"[-10, 0]",True
1007,1560,EX_hyptaur_e,"[-10, 0]",True
1008,1560,EX_oh1_e,"[-10, 0]",True
1009,1560,EX_q10_e,"[-10, 0]",True
1010,1560,EX_argsuc_e,"[-10, 0]",True
1011,1560,EX_stcrn_e,"[-10, 0]",True
1012,1560,EX_hdcecrn_e,"[-10, 0]",True
1013,1560,EX_7dhchsterol_e,"[-10, 0]",True
1014,1560,EX_acgly_e,"[-10, 0]",True
1015,1560,EX_aclys_e,"[-10, 0]",True
1016,1560,EX_acorn_e,"[-10, 0]",True
1017,1560,EX_alaala_e,"[-10, 0]",True
1018,1560,EX_4mop_e,"[-10, 0]",True
1019,1560,EX_5mta_e,"[-10, 0]",True
1020,1560,EX_adpac_e,"[-10, 0]",True
1021,1560,EX_biliverd_e,"[-10, 0]",True
1022,1560,EX_C04805_e,"[-10, 0]",True
1023,1560,EX_C06315_e,"[-10, 0]",True
1024,1560,EX_C11695_e,"[-10, 0]",True
1025,1560,EX_C14768_e,"[-10, 0]",True
1026,1560,EX_C14770_e,"[-10, 0]",True
1027,1560,EX_C14825_e,"[-10, 0]",True
1028,1560,EX_C14826_e,"[-10, 0]",True
1029,1560,EX_CE0955_e,"[-10, 0]",True
1030,1560,EX_5oxpro_e,"[-10, 0]",True
1031,1560,EX_cbasp_e,"[-10, 0]",True
1032,1560,EX_CE1556_e,"[-10, 0]",True
1033,1560,EX_CE2028_e,"[-10, 0]",True
1034,1560,EX_CE2445_e,"[-10, 0]",True
1035,1560,EX_CE2537_e,"[-10, 0]",True
1036,1560,EX_CE5304_e,"[-10, 0]",True
1037,1560,EX_CE6247_e,"[-10, 0]",True
1038,1560,EX_CE7172_e,"[-10, 0]",True
1039,1560,EX_cortsn_e,"[-10, 0]",True
1040,1560,EX_didecaeth_e,"[-10, 0]",True
1041,1560,EX_diholineth_e,"[-10, 0]",True
1042,1560,EX_docteteth_e,"[-10, 0]",True
1043,1560,EX_dodecanac_e,"[-10, 0]",True
1044,1560,EX_forglu_e,"[-10, 0]",True
1045,1560,EX_hepdeceth_e,"[-10, 0]",True
1046,1560,EX_hexdeceeth_e,"[-10, 0]",True
1047,1560,EX_hmcarn_e,"[-10, 0]",True
1048,1560,EX_hmcr_e,"[-10, 0]",True
1049,1560,EX_hxcoa_e,"[-10, 0]",True
1050,1560,EX_leuktrB4woh_e,"[-10, 0]",True
1051,1560,EX_magarachi_hs_e,"[-10, 0]",True
1052,1560,EX_magole_hs_e,"[-10, 0]",True
1053,1560,EX_magpalm_hs_e,"[-10, 0]",True
1054,1560,EX_mi1p__D_e,"[-10, 0]",True
1055,1560,EX_Nacasp_e,"[-10, 0]",True
1056,1560,EX_nwharg_e,"[-10, 0]",True
1057,1560,EX_oleth_e,"[-10, 0]",True
1058,1560,EX_pailar_hs_e,"[-10, 0]",True
1059,1560,EX_pchol2ste_hs_e,"[-10, 0]",True
1060,1560,EX_4tmeabutn_e,"[-10, 0]",True
1061,1560,EX_acile__L_e,"[-10, 0]",True
1062,1560,EX_hisasp_e,"[-10, 0]",True
1063,1560,EX_hisglnala_e,"[-10, 0]",True
1064,1560,EX_hisglylys_e,"[-10, 0]",True
1065,1560,EX_hishislys_e,"[-10, 0]",True
1066,1560,EX_hislysile_e,"[-10, 0]",True
1067,1560,EX_hismet_e,"[-10, 0]",True
1068,1560,EX_ileasnhis_e,"[-10, 0]",True
1069,1560,EX_ileglnglu_e,"[-10, 0]",True
1070,1560,EX_ileglyarg_e,"[-10, 0]",True
1071,1560,EX_ileserarg_e,"[-10, 0]",True
1072,1560,EX_iletrptyr_e,"[-10, 0]",True
1073,1560,EX_leualaarg_e,"[-10, 0]",True
1074,1560,EX_leupro_e,"[-10, 0]",True
1075,1560,EX_leutrparg_e,"[-10, 0]",True
1076,1560,EX_leutyrtyr_e,"[-10, 0]",True
1077,1560,EX_lysgluglu_e,"[-10, 0]",True
1078,1560,EX_lyslyslys_e,"[-10, 0]",True
1079,1560,EX_lyspheile_e,"[-10, 0]",True
1080,1560,EX_lystyrile_e,"[-10, 0]",True
1081,1560,EX_lysvaltrp_e,"[-10, 0]",True
1082,1560,EX_metargleu_e,"[-10, 0]",True
1083,1560,EX_12HPET_e,"[-10, 0]",True
1084,1560,EX_2oxoadp_e,"[-10, 0]",True
1085,1560,EX_34hpl_e,"[-10, 0]",True
1086,1560,EX_3hpp_e,"[-10, 0]",True
1087,1560,EX_3hpppnohgluc_e,"[-10, 0]",True
1088,1560,EX_metasntyr_e,"[-10, 0]",True
1089,1560,EX_metglyarg_e,"[-10, 0]",True
1090,1560,EX_methislys_e,"[-10, 0]",True
1091,1560,EX_metmetile_e,"[-10, 0]",True
1092,1560,EX_mettrpphe_e,"[-10, 0]",True
1093,1560,EX_pheglnphe_e,"[-10, 0]",True
1094,1560,EX_pheleu_e,"[-10, 0]",True
1095,1560,EX_phelysala_e,"[-10, 0]",True
1096,1560,EX_3uib_e,"[-10, 0]",True
1097,1560,EX_4aabutn_e,"[-10, 0]",True
1098,1560,EX_pcholdoc_hs_e,"[-10, 0]",True
1099,1560,EX_pcholeic_hs_e,"[-10, 0]",True
1100,1560,EX_pcholhep_hs_e,"[-10, 0]",True
1101,1560,EX_phephe_e,"[-10, 0]",True
1102,1560,EX_phepheasn_e,"[-10, 0]",True
1103,1560,EX_phethrlys_e,"[-10, 0]",True
1104,1560,EX_phetrpleu_e,"[-10, 0]",True
1105,1560,EX_pchollinl_hs_e,"[-10, 0]",True
1106,1560,EX_pcholmyr_hs_e,"[-10, 0]",True
1107,1560,EX_pcholn15_hs_e,"[-10, 0]",True
1108,1560,EX_pcholn183_hs_e,"[-10, 0]",True
1109,1560,EX_pcholn1836_hs_e,"[-10, 0]",True
1110,1560,EX_pcholn19_hs_e,"[-10, 0]",True
1111,1560,EX_pcholn203_hs_e,"[-10, 0]",True
1112,1560,EX_pcholn204_hs_e,"[-10, 0]",True
1113,1560,EX_pcholn224_hs_e,"[-10, 0]",True
1114,1560,EX_phetyr_e,"[-10, 0]",True
1115,1560,EX_proargasp_e,"[-10, 0]",True
1116,1560,EX_procys_e,"[-10, 0]",True
1117,1560,EX_proglulys_e,"[-10, 0]",True
1118,1560,EX_pcholn225_hs_e,"[-10, 0]",True
1119,1560,EX_pcholn2254_hs_e,"[-10, 0]",True
1120,1560,EX_pcholn28_hs_e,"[-10, 0]",True
1121,1560,EX_pcholn281_hs_e,"[-10, 0]",True
1122,1560,EX_pcholole_hs_e,"[-10, 0]",True
1123,1560,EX_pcholpalme_hs_e,"[-10, 0]",True
1124,1560,EX_pcholste_hs_e,"[-10, 0]",True
1125,1560,EX_pcollg5hlys_e,"[-10, 0]",True
1126,1560,EX_pe12_hs_e,"[-10, 0]",True
1127,1560,EX_pe13_hs_e,"[-10, 0]",True
1128,1560,EX_pe17_hs_e,"[-10, 0]",True
1129,1560,EX_pe224_hs_e,"[-10, 0]",True
1130,1560,EX_pedh203_hs_e,"[-10, 0]",True
1131,1560,EX_pelinl_hs_e,"[-10, 0]",True
1132,1560,EX_peole_hs_e,"[-10, 0]",True
1133,1560,EX_saccrp__L_e,"[-10, 0]",True
1134,1560,EX_sphmyln181161_hs_e,"[-10, 0]",True
1135,1560,EX_sphmyln18117_hs_e,"[-10, 0]",True
1136,1560,EX_sphmyln18118_hs_e,"[-10, 0]",True
1137,1560,EX_sphmyln181201_hs_e,"[-10, 0]",True
1138,1560,EX_sphmyln18123_hs_e,"[-10, 0]",True
1139,1560,EX_sphmyln1824_hs_e,"[-10, 0]",True
1140,1560,EX_sphmyln1825_hs_e,"[-10, 0]",True
1141,1560,EX_steeth_e,"[-10, 0]",True
1142,1560,EX_tetdecaeth_e,"[-10, 0]",True
1143,1560,EX_tmlys_e,"[-10, 0]",True
1144,1560,EX_trideceth_e,"[-10, 0]",True
1145,1560,EX_urcan_e,"[-10, 0]",True
1146,1560,EX_xolest183_hs_e,"[-10, 0]",True
1147,1560,EX_xolest205_hs_e,"[-10, 0]",True
1148,1560,EX_xolest226_hs_e,"[-10, 0]",True
1149,1560,EX_estriol_e,"[-10, 0]",True
1150,1560,EX_3hpppn_e,"[-10, 0]",True
1151,1560,EX_5aop_e,"[-10, 0]",True
1152,1560,EX_abt__D_e,"[-10, 0]",True
1153,1560,EX_acglu_e,"[-10, 0]",True
1154,1560,EX_CE2510_e,"[-10, 0]",True
1155,1560,EX_ddca_e,"[-10, 0]",True
1156,1560,EX_glyc__R_e,"[-10, 0]",True
1157,1560,EX_Lcyst_e,"[-10, 0]",True
1158,1560,EX_pac_e,"[-10, 0]",True
1159,1560,EX_pser__L_e,"[-10, 0]",True
1160,1560,EX_bgly_e,"[-10, 0]",True
1161,1560,EX_normete__L_e,"[-10, 0]",True
1162,1560,EX_mepi_e,"[-10, 0]",True
1163,1560,EX_maltttr_e,"[-10, 0]",True
1164,1560,EX_thbpt_e,"[-10, 0]",True
1165,1560,EX_adprib_e,"[-10, 0]",True
1166,1560,EX_proleuarg_e,"[-10, 0]",True
1167,1560,EX_protrpthr_e,"[-10, 0]",True
1168,1560,EX_serargala_e,"[-10, 0]",True
1169,1560,EX_serargtrp_e,"[-10, 0]",True
1170,1560,EX_sercysarg_e,"[-10, 0]",True
1171,1560,EX_serglyglu_e,"[-10, 0]",True
1172,1560,EX_serphelys_e,"[-10, 0]",True
1173,1560,EX_sertrphis_e,"[-10, 0]",True
1174,1560,EX_thrargtyr_e,"[-10, 0]",True
1175,1560,EX_thrasntyr_e,"[-10, 0]",True
1176,1560,EX_thrglnglu_e,"[-10, 0]",True
1177,1560,EX_thrhishis_e,"[-10, 0]",True
1178,1560,EX_thrilearg_e,"[-10, 0]",True
1179,1560,EX_thrmetarg_e,"[-10, 0]",True
1180,1560,EX_trpalapro_e,"[-10, 0]",True
1181,1560,EX_trpaspasp_e,"[-10, 0]",True
1182,1560,EX_trpgluleu_e,"[-10, 0]",True
1183,1560,EX_trpglutyr_e,"[-10, 0]",True
1184,1560,EX_trpglyval_e,"[-10, 0]",True
1185,1560,EX_trphismet_e,"[-10, 0]",True
1186,1560,EX_trpmetarg_e,"[-10, 0]",True
1187,1560,EX_trpphe_e,"[-10, 0]",True
1188,1560,EX_trpprogly_e,"[-10, 0]",True
1189,1560,EX_trpproleu_e,"[-10, 0]",True
1190,1560,EX_trpproval_e,"[-10, 0]",True
1191,1560,EX_trpsertyr_e,"[-10, 0]",True
1192,1560,EX_trpthrglu_e,"[-10, 0]",True
1193,1560,EX_trpthrile_e,"[-10, 0]",True
1194,1560,EX_trpthrtyr_e,"[-10, 0]",True
1195,1560,EX_trpvalasp_e,"[-10, 0]",True
1196,1560,EX_sphmyln_hs_e,"[-10, 0]",True
1197,1560,EX_Lhcystin_e,"[-10, 0]",True
1198,1560,EX_tyrala_e,"[-10, 0]",True
1199,1560,EX_tyralaphe_e,"[-10, 0]",True
1200,1560,EX_tyrargglu_e,"[-10, 0]",True
1201,1560,EX_tyrasparg_e,"[-10, 0]",True
1202,1560,EX_tyrcysgly_e,"[-10, 0]",True
1203,1560,EX_tyrglu_e,"[-10, 0]",True
1204,1560,EX_valleuphe_e,"[-10, 0]",True
1205,1560,EX_vallystyr_e,"[-10, 0]",True
1206,1560,EX_valtrpphe_e,"[-10, 0]",True
1207,1560,EX_valtrpval_e,"[-10, 0]",True
1208,1560,EX_valval_e,"[-10, 0]",True
1209,1560,EX_trpglyasp_e,"[-10, 0]",True
1210,1560,EX_akg_e,"[-10, 0]",True
1211,1560,EX_asn__L_e,"[-10, 0]",True
1212,1560,EX_cgly_e,"[-10, 0]",True
1213,1560,EX_co2_e,"[-10, 0]",True
1214,1560,EX_cytd_e,"[-10, 0]",True
1215,1560,EX_dad_2_e,"[-10, 0]",True
1216,1560,EX_dcyt_e,"[-10, 0]",True
1217,1560,EX_dgsn_e,"[-10, 0]",True
1218,1560,EX_duri_e,"[-10, 0]",True
1219,1560,EX_fum_e,"[-10, 0]",True
1220,1560,EX_glyphe_e,"[-10, 0]",True
1221,1560,EX_glypro_e,"[-10, 0]",True
1222,1560,EX_h_e,"[-10, 0]",True
1223,1560,EX_ile__L_e,"[-10, 0]",True
1224,1560,EX_met__L_e,"[-10, 0]",True
1225,1560,EX_na1_e,"[-10, 0]",True
1226,1560,EX_ppi_e,"[-10, 0]",True
1227,1560,EX_pro__L_e,"[-10, 0]",True
1228,1560,EX_ser__L_e,"[-10, 0]",True
1229,1560,EX_so4_e,"[-10, 0]",True
1230,1560,EX_val__L_e,"[-10, 0]",True
1231,1560,EX_gua_e,"[-10, 0]",True
1232,1560,EX_4hbz_e,"[-10, 0]",True
1233,1560,EX_34dhpha_e,"[-10, 0]",True
1234,1560,EX_ppa_e,"[-10, 0]",True
1235,1560,EX_lcts_e,"[-10, 0]",True
1236,1560,EX_sucr_e,"[-10, 0]",True
1237,1560,EX_pheme_e,"[-10, 0]",True
1238,1560,EX_homoval_e,"[-10, 0]",True
1239,1560,EX_core7_e,"[-10, 0]",True
1240,1560,EX_core8_e,"[-10, 0]",True
1241,1560,EX_gncore2_e,"[-10, 0]",True
1242,1560,EX_mqn10_e,"[-10, 0]",True
1243,1560,EX_mqn11_e,"[-10, 0]",True
1244,1560,EX_mqn9_e,"[-10, 0]",True
1245,1560,EX_s2l2n2m2m_e,"[-10, 0]",True
1246,1560,EX_sTn_antigen_e,"[-10, 0]",True
1247,1560,EX_lpam_e,"[-10, 0]",True
1248,1560,EX_pa_hs_e,"[-10, 0]",True
1249,1560,EX_CE4969_e,"[-10, 0]",True
1250,1560,EX_CE1310_e,"[-10, 0]",True
1251,1560,EX_sucsal_e,"[-10, 0]",True
1252,1560,EX_CE7081_e,"[-10, 0]",True
1253,1560,EX_egme_e,"[-10, 0]",True
1254,1560,EX_12harachd_e,"[-10, 0]",True
1255,1560,EX_sql_e,"[-10, 0]",True
1256,1560,EX_orn__D_e,"[-10, 0]",True
1257,1560,EX_melatn_e,"[-10, 0]",True
1258,1560,EX_6hoxmelatn_e,"[-10, 0]",True
1259,1560,EX_CE4890_e,"[-10, 0]",True
1260,1560,EX_C05767_e,"[-10, 0]",True
1261,1560,EX_mhista_e,"[-10, 0]",True
1262,1560,EX_13dampp_e,"[-10, 0]",True
1263,1560,EX_mma_e,"[-10, 0]",True
1264,1560,EX_ametam_e,"[-10, 0]",True
1265,1560,EX_xylu__L_e,"[-10, 0]",True
1266,1560,EX_xylu__D_e,"[-10, 0]",True
1267,1560,EX_sphings_e,"[-10, 0]",True
1268,1560,EX_sphgn_e,"[-10, 0]",True
1269,1560,EX_N1aspmd_e,"[-10, 0]",True
1270,1560,EX_ala__L_e,"[-10, 0]",True
1271,1560,EX_his__L_e,"[-10, 0]",True
1272,1560,EX_1a25dhvitd3_e,"[-10, 0]",True
1273,1560,EX_fdp_e,"[-10, 0]",True
1274,1560,EX_coke_e,"[-10, 0]",True
1275,1560,EX_HC00006_e,"[-10, 0]",True
1276,1560,EX_HC00007_e,"[-10, 0]",True
1277,1560,EX_HC00008_e,"[-10, 0]",True
1278,1560,EX_HC00009_e,"[-10, 0]",True
1279,1560,EX_acgam_e,"[-10, 0]",True
1280,1560,EX_cit_e,"[-10, 0]",True
1281,1560,EX_csn_e,"[-10, 0]",True
1282,1560,EX_etha_e,"[-10, 0]",True
1283,1560,EX_fol_e,"[-10, 0]",True
1284,1560,EX_galt_e,"[-10, 0]",True
1285,1560,EX_CE5026_e,"[-10, 0]",True
1286,1560,EX_5cysgly34dhphe_e,"[-10, 0]",True
1287,1560,EX_CE1261_e,"[-10, 0]",True
1288,1560,EX_gm1_hs_e,"[-10, 0]",True
1289,1560,EX_gm2_hs_e,"[-10, 0]",True
1290,1560,EX_gm1b_hs_e,"[-10, 0]",True
1291,1560,EX_gd1b_hs_e,"[-10, 0]",True
1292,1560,EX_glcr_e,"[-10, 0]",True
1293,1560,EX_glcur_e,"[-10, 0]",True
1294,1560,EX_hxan_e,"[-10, 0]",True
1295,1560,EX_malt_e,"[-10, 0]",True
1296,1560,EX_malthx_e,"[-10, 0]",True
1297,1560,EX_thm_e,"[-10, 0]",True
1298,1560,EX_trp__L_e,"[-10, 0]",True
1299,1560,EX_ura_e,"[-10, 0]",True
1300,1560,EX_xan_e,"[-10, 0]",True
1301,1560,EX_xyl__D_e,"[-10, 0]",True
1302,1560,EX_mvlac_e,"[-10, 0]",True
1303,1560,EX_tiggly_e,"[-10, 0]",True
1304,1560,EX_3ohglutac_e,"[-10, 0]",True
1305,1560,EX_glutcon_e,"[-10, 0]",True
1306,1560,EX_3hivac_e,"[-10, 0]",True
1307,1560,EX_3ohsebac_e,"[-10, 0]",True
1308,1560,EX_3ohsubac_e,"[-10, 0]",True
1309,1560,EX_5ohhexa_e,"[-10, 0]",True
1310,1560,EX_7ohocata_e,"[-10, 0]",True
1311,1560,EX_methsucc_e,"[-10, 0]",True
1312,1560,EX_hpdece_e,"[-10, 0]",True
1313,1560,EX_5eipenc_e,"[-10, 0]",True
1314,1560,EX_5g2oxpt_e,"[-10, 0]",True
1315,1560,EX_andrstndn_e,"[-10, 0]",True
1316,1560,EX_eandrstrn_e,"[-10, 0]",True
1317,1560,EX_C05298_e,"[-10, 0]",True
1318,1560,EX_C05301_e,"[-10, 0]",True
1319,1560,EX_CE5072_e,"[-10, 0]",True
1320,1560,EX_11docrtstrn_e,"[-10, 0]",True
1321,1560,EX_CE2211_e,"[-10, 0]",True
1322,1560,EX_17ahprgstrn_e,"[-10, 0]",True
1323,1560,EX_HC02020_e,"[-10, 0]",True
1324,1560,EX_xol27oh_e,"[-10, 0]",True
1325,1560,EX_dsmsterol_e,"[-10, 0]",True
1326,1560,EX_CE1617_e,"[-10, 0]",True
1327,1560,EX_34dhoxmand_e,"[-10, 0]",True
1328,1560,EX_fna5moxam_e,"[-10, 0]",True
1329,1560,EX_CE5643_e,"[-10, 0]",True
1330,1560,EX_CE7085_e,"[-10, 0]",True
1331,1560,EX_CE1401_e,"[-10, 0]",True
1332,1560,EX_glucys_e,"[-10, 0]",True
1333,1560,EX_dopa4glcur_e,"[-10, 0]",True
1334,1560,EX_dopa3glcur_e,"[-10, 0]",True
1335,1560,EX_5cysdopa_e,"[-10, 0]",True
1336,1560,EX_gluside_hs_e,"[-10, 0]",True
1337,1560,EX_gd1a_hs_e,"[-10, 0]",True
1338,1560,EX_34dhpe_e,"[-10, 0]",True
1339,1560,EX_12htacr_e,"[-10, 0]",True
1340,1560,EX_1331tacr_e,"[-10, 0]",True
1341,1560,EX_14hmdz_e,"[-10, 0]",True
1342,1560,EX_1531tacr_e,"[-10, 0]",True
1343,1560,EX_15dmt_e,"[-10, 0]",True
1344,1560,EX_1hibup__S_e,"[-10, 0]",True
1345,1560,EX_1hmdgluc_e,"[-10, 0]",True
1346,1560,EX_1ohmdz_e,"[-10, 0]",True
1347,1560,EX_2hatvacid_e,"[-10, 0]",True
1348,1560,EX_2hatvlac_e,"[-10, 0]",True
1349,1560,EX_2hatvlacgluc_e,"[-10, 0]",True
1350,1560,EX_2hibup__R_e,"[-10, 0]",True
1351,1560,EX_2hibup__S_e,"[-10, 0]",True
1352,1560,EX_35dhpvs_e,"[-10, 0]",True
1353,1560,EX_3hibup__S_e,"[-10, 0]",True
1354,1560,EX_3hibupglu__S_e,"[-10, 0]",True
1355,1560,EX_lstnm4_e,"[-10, 0]",True
1356,1560,EX_lstnm5_e,"[-10, 0]",True
1357,1560,EX_lstnm7_e,"[-10, 0]",True
1358,1560,EX_3dhcdchol_e,"[-10, 0]",True
1359,1560,EX_3dhdchol_e,"[-10, 0]",True
1360,1560,EX_7dhchol_e,"[-10, 0]",True
1361,1560,EX_cdca3g_e,"[-10, 0]",True
1362,1560,EX_dca24g_e,"[-10, 0]",True
1363,1560,EX_dca3g_e,"[-10, 0]",True
1364,1560,EX_gca3s_e,"[-10, 0]",True
1365,1560,EX_gcdca3s_e,"[-10, 0]",True
1366,1560,EX_gdca3s_e,"[-10, 0]",True
1367,1560,EX_gudca3s_e,"[-10, 0]",True
1368,1560,EX_hca24g_e,"[-10, 0]",True
1369,1560,EX_hca6g_e,"[-10, 0]",True
1370,1560,EX_hyochol_e,"[-10, 0]",True
1371,1560,EX_isochol_e,"[-10, 0]",True
1372,1560,EX_lca24g_e,"[-10, 0]",True
1373,1560,EX_lca3s_e,"[-10, 0]",True
1374,1560,EX_tcdca3s_e,"[-10, 0]",True
1375,1560,EX_uchol_e,"[-10, 0]",True
1376,1560,EX_udca3s_e,"[-10, 0]",True
1377,1560,EX_mdz_e,"[-10, 0]",True
1378,1560,EX_mdzglc_e,"[-10, 0]",True
1379,1560,EX_mhglz_e,"[-10, 0]",True
1380,1560,EX_ndersv_e,"[-10, 0]",True
1381,1560,EX_nfd_e,"[-10, 0]",True
1382,1560,EX_nfdlac_e,"[-10, 0]",True
1383,1560,EX_nfdnpy_e,"[-10, 0]",True
1384,1560,EX_nfdoh_e,"[-10, 0]",True
1385,1560,EX_oxy1rb_e,"[-10, 0]",True
1386,1560,EX_oxy7rb_e,"[-10, 0]",True
1387,1560,EX_profvs_e,"[-10, 0]",True
1388,1560,EX_ptvst_e,"[-10, 0]",True
1389,1560,EX_ptvstlac_e,"[-10, 0]",True
1390,1560,EX_rsv_e,"[-10, 0]",True
1391,1560,EX_rsvlac_e,"[-10, 0]",True
1392,1560,EX_s3meacmp_e,"[-10, 0]",True
1393,1560,EX_stacmp_e,"[-10, 0]",True
1394,1560,EX_tauribup__S_e,"[-10, 0]",True
1395,1560,EX_tlacfvs_e,"[-10, 0]",True
1396,1560,EX_tmdm5_e,"[-10, 0]",True
1397,1560,EX_tsacmgluc_e,"[-10, 0]",True
1398,1560,EX_tsacmsul_e,"[-10, 0]",True
1399,1560,EX_rbl__D_e,"[-10, 0]",True
1400,1560,EX_M01966_e,"[-10, 0]",True
1401,1560,EX_M02155_e,"[-10, 0]",True
1402,1560,EX_M01989_e,"[-10, 0]",True
1403,1560,EX_M01881_e,"[-10, 0]",True
1404,1560,EX_M03131_e,"[-10, 0]",True
1405,1560,EX_n5m2masn_e,"[-10, 0]",True
1406,1560,EX_hretn_e,"[-10, 0]",True
1407,1560,EX_3hpvstet_e,"[-10, 0]",True
1408,1560,EX_3hsmvacid_e,"[-10, 0]",True
1409,1560,EX_3ispvs_e,"[-10, 0]",True
1410,1560,EX_4bhglz_e,"[-10, 0]",True
1411,1560,EX_4hatvlac_e,"[-10, 0]",True
1412,1560,EX_4ohmdz_e,"[-10, 0]",True
1413,1560,EX_56eppvs_e,"[-10, 0]",True
1414,1560,EX_5ohfvsglu_e,"[-10, 0]",True
1415,1560,EX_6ahglz_e,"[-10, 0]",True
1416,1560,EX_6bhglz_e,"[-10, 0]",True
1417,1560,EX_6bhglzglc_e,"[-10, 0]",True
1418,1560,EX_6csmvacid_e,"[-10, 0]",True
1419,1560,EX_6hlvst_e,"[-10, 0]",True
1420,1560,EX_6hsmvacid_e,"[-10, 0]",True
1421,1560,EX_6melvacid_e,"[-10, 0]",True
1422,1560,EX_6melvst_e,"[-10, 0]",True
1423,1560,EX_6ohfvsglu_e,"[-10, 0]",True
1424,1560,EX_7bhglzglc_e,"[-10, 0]",True
1425,1560,EX_acmp_e,"[-10, 0]",True
1426,1560,EX_acmpglu_e,"[-10, 0]",True
1427,1560,EX_allop_e,"[-10, 0]",True
1428,1560,EX_am1a4ncs_e,"[-10, 0]",True
1429,1560,EX_am1accs_e,"[-10, 0]",True
1430,1560,EX_am1acs_e,"[-10, 0]",True
1431,1560,EX_am1c9cs_e,"[-10, 0]",True
1432,1560,EX_am1ccs_e,"[-10, 0]",True
1433,1560,EX_am4n9cs_e,"[-10, 0]",True
1434,1560,EX_atvlac_e,"[-10, 0]",True
1435,1560,EX_caribup_s_e,"[-10, 0]",True
1436,1560,EX_caribupglu__S_e,"[-10, 0]",True
1437,1560,EX_crglz_e,"[-10, 0]",True
1438,1560,EX_crvsm1_e,"[-10, 0]",True
1439,1560,EX_crvsm23_e,"[-10, 0]",True
1440,1560,EX_csasulp_e,"[-10, 0]",True
1441,1560,EX_cysacmp_e,"[-10, 0]",True
1442,1560,EX_deoxfvs_e,"[-10, 0]",True
1443,1560,EX_desfvs_e,"[-10, 0]",True
1444,1560,EX_fvstet_e,"[-10, 0]",True
1445,1560,EX_ibup__S_e,"[-10, 0]",True
1446,1560,EX_lstn1gluc_e,"[-10, 0]",True
1447,1560,EX_lstnm2_e,"[-10, 0]",True
1448,1560,EX_C13856_e,"[-10, 0]",True
1449,1560,EX_M02956_e,"[-10, 0]",True
1450,1560,EX_M00241_e,"[-10, 0]",True
1451,1560,EX_M00003_e,"[-10, 0]",True
1452,1560,EX_M00010_e,"[-10, 0]",True
1453,1560,EX_M00017_e,"[-10, 0]",True
1454,1560,EX_M00021_e,"[-10, 0]",True
1455,1560,EX_M00260_e,"[-10, 0]",True
1456,1560,EX_M00265_e,"[-10, 0]",True
1457,1560,EX_M01207_e,"[-10, 0]",True
1458,1560,EX_M02613_e,"[-10, 0]",True
1459,1560,EX_M03045_e,"[-10, 0]",True
1460,1560,EX_M03051_e,"[-10, 0]",True
1461,1560,EX_M03153_e,"[-10, 0]",True
1462,1560,EX_M02561_e,"[-10, 0]",True
1463,1560,EX_M02909_e,"[-10, 0]",True
1464,1560,EX_M03117_e,"[-10, 0]",True
1465,1560,EX_M01872_e,"[-10, 0]",True
1466,1560,EX_hnifedipine_e,"[-10, 0]",True
1467,1560,EX_M02449_e,"[-10, 0]",True
1468,1560,EX_M02451_e,"[-10, 0]",True
1469,1560,EX_adpman_e,"[-10, 0]",True
1470,1560,EX_ctp_e,"[-10, 0]",True
1471,1560,EX_dtmp_e,"[-10, 0]",True
1472,1560,EX_fad_e,"[-10, 0]",True
1473,1560,EX_fald_e,"[-10, 0]",True
1474,1560,EX_g1p_e,"[-10, 0]",True
1475,1560,EX_HC01104_e,"[-10, 0]",True
1476,1560,EX_HC01441_e,"[-10, 0]",True
1477,1560,EX_HC01444_e,"[-10, 0]",True
1478,1560,EX_HC01609_e,"[-10, 0]",True
1479,1560,EX_cpppg1_e,"[-10, 0]",True
1480,1560,EX_HC01700_e,"[-10, 0]",True
1481,1560,EX_HC02161_e,"[-10, 0]",True
1482,1560,EX_itp_e,"[-10, 0]",True
1483,1560,EX_prpp_e,"[-10, 0]",True
1484,1560,EX_pydx5p_e,"[-10, 0]",True
1485,1560,EX_5hoxindoa_e,"[-10, 0]",True
1486,1560,EX_cala_e,"[-10, 0]",True
1487,1560,EX_cholp_e,"[-10, 0]",True
1488,1560,EX_dmgly_e,"[-10, 0]",True
1489,1560,EX_ethamp_e,"[-10, 0]",True
1490,1560,EX_g3pc_e,"[-10, 0]",True
1491,1560,EX_gudac_e,"[-10, 0]",True
1492,1560,EX_hcys__L_e,"[-10, 0]",True
1493,1560,EX_kynate_e,"[-10, 0]",True
1494,1560,EX_L2aadp_e,"[-10, 0]",True
1495,1560,EX_pep_e,"[-10, 0]",True
1496,1560,EX_xtsn_e,"[-10, 0]",True
1497,1560,EX_udpglcur_e,"[-10, 0]",True
1498,1560,EX_hLkynr_e,"[-10, 0]",True
1499,1560,EX_nicrnt_e,"[-10, 0]",True
1500,1560,EX_orot5p_e,"[-10, 0]",True
1501,1560,EX_alaasnleu_e,"[-10, 0]",True
1502,1560,EX_alalysthr_e,"[-10, 0]",True
1503,1560,EX_argargmet_e,"[-10, 0]",True
1504,1560,EX_argcysser_e,"[-10, 0]",True
1505,1560,EX_arggluglu_e,"[-10, 0]",True
1506,1560,EX_arghisthr_e,"[-10, 0]",True
1507,1560,EX_argleuphe_e,"[-10, 0]",True
1508,1560,EX_arglysasp_e,"[-10, 0]",True
1509,1560,EX_argserser_e,"[-10, 0]",True
1510,1560,EX_asnmetpro_e,"[-10, 0]",True
1511,1560,EX_asntyrgly_e,"[-10, 0]",True
1512,1560,EX_asntyrphe_e,"[-10, 0]",True
1513,1560,EX_aspalaarg_e,"[-10, 0]",True
1514,1560,EX_aspasnglu_e,"[-10, 0]",True
1515,1560,EX_aspglutrp_e,"[-10, 0]",True
1516,1560,EX_asphispro_e,"[-10, 0]",True
1517,1560,EX_asplysglu_e,"[-10, 0]",True
1518,1560,EX_asplyshis_e,"[-10, 0]",True
1519,1560,EX_aspmetasp_e,"[-10, 0]",True
1520,1560,EX_aspprolys_e,"[-10, 0]",True
1521,1560,EX_cysasnmet_e,"[-10, 0]",True
1522,1560,EX_cysaspphe_e,"[-10, 0]",True
1523,1560,EX_cyscys_e,"[-10, 0]",True
1524,1560,EX_cysglnmet_e,"[-10, 0]",True
1525,1560,EX_cysgluhis_e,"[-10, 0]",True
1526,1560,EX_cysglutrp_e,"[-10, 0]",True
1527,1560,EX_cysleuthr_e,"[-10, 0]",True
1528,1560,EX_glnhishis_e,"[-10, 0]",True
1529,1560,EX_glnlyslys_e,"[-10, 0]",True
1530,1560,EX_glnlystrp_e,"[-10, 0]",True
1531,1560,EX_glntrpglu_e,"[-10, 0]",True
1532,1560,EX_glntyrleu_e,"[-10, 0]",True
1533,1560,EX_gluglu_e,"[-10, 0]",True
1534,1560,EX_gluilelys_e,"[-10, 0]",True
1535,1560,EX_gluleu_e,"[-10, 0]",True
1536,1560,EX_glumet_e,"[-10, 0]",True
1537,1560,EX_glumethis_e,"[-10, 0]",True
1538,1560,EX_gluthr_e,"[-10, 0]",True
1539,1560,EX_glyhislys_e,"[-10, 0]",True
1540,1560,EX_glytyrlys_e,"[-10, 0]",True
1541,1560,EX_hisargcys_e,"[-10, 0]",True
1542,1560,EX_xol7ah3_e,"[-10, 0]",True
1543,1560,EX_xoldiolone_e,"[-10, 0]",True
1544,1560,EX_7klitchol_e,"[-10, 0]",True
1545,1560,EX_2obut_e,"[-10, 0]",True
1546,1560,EX_glcn_e,"[-10, 0]",True
1547,1560,EX_phpyr_e,"[-10, 0]",True
1548,1560,EX_2hyoxplac_e,"[-10, 0]",True
1549,1560,EX_glx_e,"[-10, 0]",True
1550,1560,EX_CE4970_e,"[-10, 0]",True
1551,1560,EX_actyr_e,"[-10, 0]",True
1552,1560,EX_sucaceto_e,"[-10, 0]",True
1553,1560,EX_nacvanala_e,"[-10, 0]",True
1554,1560,EX_2h3mv_e,"[-10, 0]",True
1555,1560,EX_3h3mglt_e,"[-10, 0]",True
1556,1560,EX_ppiogly_e,"[-10, 0]",True
1557,1560,EX_sbt__D_e,"[-10, 0]",True
1558,1560,EX_lvstacid_e,"[-10, 0]",True
1559,1560,EX_ptvstm13_e,"[-10, 0]",True
